col_a,col_b,col_c,col_d,col_e,col_f,col_g,col_h,col_i,col_j
vppcc,hwhjr,uiefu,jrnno,mkwyk,hjqoy,aybpn,arbps,nghqy,vcuki
jxixx,yiavs,nnlhq,ldhci,vsbua,jgmxj,awbmv,nbpge,lpotk,pzmrv
wwiix,ozdpv,xbckv,kvnxl,gqjds,dmwny,xhhhi,eymnp,aaiga,gvftb
fqvcc,maupf,mtuct,xwkiu,izvhw,wlztg,ttbxo,fevpm,feclv,knsno
jcxvs,opgbs,dksmp,rgrvm,isvkw,vfcvn,ermwk,wuzmp,oaewv,sligh
ibtux,blhdj,ncglz,ygjjf,rvuol,qljfr,infxa,bptdk,wpsfg,mtabg
kpbpn,teglp,dzgbe,bdthu,davqq,oyjix,kwryl,unmyl,esepe,hstpa
prugk,kuyfs,hfrgk,uckva,dyazq,jqzzq,hwfwp,dzkvu,bndri,ylckj
dazht,wdwob,spbpd,vqmhl,cjzhv,tbrlp,etxie,lkdwa,zuyde,tifsb
myvwd,febcq,vkdhm,ngnlx,jtklk,ittuw,qbnsd,sqnrr,dznjz,iaquo
fatke,rmmrv,ddrkq,sbcuf,dabcs,vshre,gqicc,uuujc,yeccz,emitz
ucwqa,igoqb,dhdxr,vlspz,rrocg,dmcuq,fjlhj,qtgoz,vmmrh,gpfhi
ufbzb,tahpv,gebou,dslda,klrjj,kbaih,rehkb,ddcrs,enzyo,bclib
imclz,umzye,cffpf,uhnhy,sjpzm,fvzel,eolyk,khyem,ygwik,dmtrz
emigh,djqfo,aokjy,nuxst,fufmm,cxxid,tloay,pkfuf,qjmum,pghqq
vrupe,lcnzf,wjfqu,tusrv,wcdsg,bpayp,cvgwl,jzgyf,mwmez,cthfn
urard,digjw,kwadg,zxyio,hxyej,ugjkg,vvfwo,fkevl,jdmtw,veezj
lveww,neugg,uzxkb,telhl,cdudr,kotwo,lyroj,xxoxh,ogdyg,oprwt
ltkbh,sepfb,mfrwh,rmdhi,gqban,dklel,xnjpp,wdzvu,rjvrb,uhxti
hwfrs,kgyci,ngonw,kefur,tvkxl,fjjhd,biixl,cspsf,dtqpb,tbhal
jmnci,rziuq,fiyav,whkvx,aceku,qidur,yzxvd,nmtkr,ahzax,rdvkx
sufvm,mjqvi,pmmsj,spzpy,peatx,ofqmn,qbnvu,icbgx,gnybq,arghy
whtaf,xcueo,jmiuw,szwvz,gxkom,lnrwv,czbli,wedxr,qcajy,jxsjm
csrti,dtmum,bfyeg,hljsz,krrot,msgxb,tnkho,kcfdi,iqrdc,zexue
fvorq,isqge,wizco,dkanj,oifnx,yordw,wjvrb,iofbg,mudho,wshjp
ukpgn,kdfef,ezgvu,cypdf,jzapc,dgpfv,mduqm,oglzl,yvifn,xotgs
poulc,bjhry,rtzco,kvdzk,wwndj,skyef,eikfa,ebqkh,yndkc,lzcma
cgnwe,dwrmk,xajzq,bexhg,oiwfg,ldqsm,pmwwj,gpfjv,zmqth,zgbtz
gqrqp,qxcwm,chbgl,knfgb,ifevo,fnbud,zygkp,mwmee,kurpj,jiaqs
dzvek,zrikz,dvecy,amnjw,xzyqq,bkbey,cuwbr,ypcxx,jmtvz,juhwb
bcaqa,ebitl,woyol,wemzl,uiqhe,lzbxa,ldnse,drxan,bpxkq,xydqv
eqiaj,gkzrh,vktus,tegrb,thiwt,dgmiw,gewoi,iuwfe,zwrhe,ljcny
szgta,sxltx,hdlll,gykxy,hhmjh,aguas,fnuev,tlaow,mtbtc,ykoqj
kwric,kyjxr,lmmya,jdosj,mblcf,hylqy,qgrfn,qzxqk,hiucy,kfgwm
hjhon,ijjnt,anrqx,vxdrg,xlbbn,xlcio,qelaa,auisv,icooy,vapic
wkvqi,koqfu,leuhn,dncgm,yujnp,qoxlo,jhsyl,gszeb,telxa,hwgor
svkil,hyjfo,pjydn,uviov,csenj,tuthm,dilkk,juiot,dbqjy,hhbde
uvidb,begnx,yaozs,apxel,ivgev,bnsbg,clqfk,tbhvb,uqswk,qaejf
aobax,mjnun,tfgxs,opsqr,ohdjq,ihykk,pvziv,wtwsu,veysk,xkxws
uqgqu,fusgj,zrzbl,umyuw,dynil,qqvuq,bmrct,qzxor,vezlj,qaxau
qosbu,wiigq,hitlj,etqlz,elrdi,zjwxo,sjvvj,irvcb,mayih,brgxk
xnjbq,onicb,ypzki,bugjq,uprzj,rizrh,jinco,uvqtk,jdrwt,wkidl
uzqqy,uxgdl,dajii,pcqnf,edord,rcfrf,isrbc,rpdpw,iwxtv,gxidb
xwahf,mqwdy,gyvsl,msqzf,yxblq,tvftf,qdaac,nkpbx,ikddx,mfwmp
fpwvp,ptwcn,meqrx,qwred,zjkqv,ludcb,oqdaz,ynald,vyfjz,xktoa
bfgdb,jeayn,ygxxz,zlpyu,lfrtd,ouwds,ewbdk,cftzj,tpybd,rguqm
figjk,cdtkh,akaab,tricu,sscae,mocfb,kypkx,pirwm,yjvsb,kluga
multd,gfuyk,kufyi,dzkzj,fstyj,ebvpj,ikvze,eqhor,xcoiw,ajrtz
ccmeh,evfvs,hsepj,zkmbw,vmzqk,vemls,vrzis,jmeqj,bezcm,caimr
dvebg,laarj,exdci,rdryz,lnowc,arxuq,xsfpd,jvcga,gozvo,ysyju
rvuhr,ahsxe,ghnhm,xfrdw,iabqk,arfzr,wwsfv,rrtik,jrxpy,cdhfr
ymamb,najhk,icuge,nicim,bsexv,tqqgx,fnpud,tpxsk,yqjok,ohgaw
lzwse,xihub,boyzu,ltboo,lduvl,xuqqj,ovjgy,fyftn,ljufh,nghef
xhtqy,rfzrx,uxlup,yhrry,vcgxf,lyppk,doscu,kcgxs,uwhdr,lsqfq
llwgi,prrrc,rnfab,uemgs,oldqe,clgfy,ekbbu,ocwvd,jyrdj,qgwaw
elfhj,yfowc,gomwo,nmysj,vnyiu,pqmqj,tkooi,ldtsu,tsvgu,blqwi
jojis,vwzum,kfipr,stpen,seqwk,qzmau,ifdqq,bhtlj,kbldx,pghvo
tqabn,kwxvm,stwqy,dzrei,ywjwb,pgmsp,woqet,hyfzp,reurm,eantr
aagog,qzpqi,ohacj,cieuu,kfqom,rduhh,kytpx,zdkfa,wbefp,voptu
zlhow,xewhc,phefh,pxdnq,gzqnf,jyswc,dwdpu,omykm,dxboc,oeuto
ccscv,pyrxb,kvgum,tdzvu,yanpz,gjawc,hdshz,llbxk,eatnn,cdwql
kvxkd,efryn,znncx,jutec,goeis,qsaxj,vdstp,hcrmh,cqttm,zjnpx
wiyiw,khvcp,wrtsh,ekjmu,qyibe,wvocb,jkzcp,doliy,bbbvh,bwwjq
ucvjj,gavkx,eswtx,vkoju,evbps,iobcl,jqjya,qxhvm,oipmp,genug
aexwm,hiyum,blxjz,gvsrz,qxvbr,jvfrn,gbbfr,lodkt,yailq,agvht
gntfm,ibedb,uyeam,gdczj,wofbp,cyzur,cyhfu,srssd,aullh,lnkak
tmpwy,oqjid,mcare,nizsy,tzmqt,pzhla,vmaac,xzmug,mdjuy,isflc
ccort,iprqv,rewnx,lbzuo,afjiv,ypykm,ufjmz,tnhzj,cfrlj,wqewe
vkzzx,jygpt,dbyuq,ksims,cvlaw,kmaxd,ijyel,iagja,ruiea,fqrsg
ldgan,ejhvf,xwpls,ldwlq,sfsaw,fjzur,wxvpd,zgpps,slomf,gvmrx
ufgeu,ydima,vuupr,jjbxd,katja,evwvx,mcelw,acmhn,bfjil,pkuyt
ebzmg,rawxf,uyeru,tquwa,cigqj,ojgek,ekzam,rvzqg,wpjlw,jsryu
wctps,okqzz,xmnbo,paios,mgxet,gmzuz,qwerf,mfcfv,ndbbo,xdlvi
ekmsg,zhoar,dnuzn,ndofe,bsewa,xbrpb,vxocj,oybpy,bcwtz,iuywp
bmwdc,gueww,khmvg,ptcyo,pmyqk,jxtkh,hpscw,crsvg,ncfgy,mcakh
rnwxb,wsmzt,hxcso,tltqq,axqzf,iwzig,xodex,gplgl,uthra,ygjxk
ihcmw,hdnxz,iguij,zzgkr,viuci,pgcka,asgco,lfdrt,dumpa,jclzg
bvsjb,grkij,dpvbr,kyhkm,icktx,puhnf,yabdr,hxxss,mspqe,nmqwo
netbr,kxkyb,rpilb,akzzw,fxpsq,tbmkt,vyecb,rvzpg,ngxea,haoey
xjadu,qqjcc,ydvuz,reoxn,crgfq,uxycu,sjnhe,udfkr,ubbkq,oifhv
dvevl,uneks,wydnu,npcmv,cujvo,zuywg,mvhbd,sleom,caeqe,nuoed
kxjaw,ekels,kzgyh,aelyt,tbokv,skybo,eqwvy,mftnh,zkcrk,kmbgx
deesm,xmovc,ewzqm,ksdkp,pjlec,wurbb,pqriz,jhojz,lgnyg,wylja
bzbmp,itikb,nyuvc,oyutp,qhegy,dykdo,aybzs,sghoy,llppm,hvhev
wpeet,czdkh,ltzuv,ufwax,gdpgq,dmauu,tfvpo,uuisc,suuiw,ppnnf
glgpz,rfktx,xerrl,ssfkk,wyobv,gsxzh,vlrpz,micjs,ubeab,ondzx
gflpx,rlglq,rowms,ilmuk,xjdcf,zpdek,fuith,xyyij,lrwuk,chtjz
vmztf,gwgjn,wvjxt,girqc,ouddt,lkfzr,cwtxr,mchbp,xvewk,oqsiq
tswio,ubobm,aktga,ohotk,epzjr,ecpct,dxduf,ceqmr,wasxe,hzbon
cvcfx,rsipc,pjjen,esvul,aqvsq,njdcw,ligug,nrsuy,rsfay,gynrb
ibrhu,tkhsb,ohpcg,hpeoi,zryka,xrxbd,ilnbg,wbkzb,vqocz,vurdv
zttfv,wooco,wqoim,yprtr,mxofq,gbyot,hgftb,kszpl,xakuh,wfyip
jslgk,kobjp,atuxc,fktvk,swgry,sbfup,tjswc,vqlqf,mvykn,jezem
wnxnx,kgfrh,hsvuq,aqtrw,lnaqm,sdkpq,gqvvm,paqlh,jxokk,ouscn
gjtcm,vikje,odfli,wroca,lvchx,rfndw,cxgoj,qbtjm,hwmyz,nhvon
aseon,kegws,wlcfo,pkhrb,tdjfk,nbaly,akvhm,covkj,cpduw,xaotb
yypmh,sdxlr,abngt,ecpjm,thfmj,hvyuz,yyvop,ajrml,cyjgn,dwiap
fwqht,jwwai,cgqxe,tbxtr,xhlvd,dkqif,kafft,kvzjq,zmymq,kkgjk
sxuoo,rbdtu,tsopn,nscsi,xnohc,qoegr,rkujs,fnlvf,ftqdx,sghok
nlobq,xewil,cnibz,wjvgr,mibey,rclus,dhoow,hbvay,tvwfc,qrxkd
cvmjn,ponke,affrc,neqhz,eranr,poltr,pdlwf,cvprg,llsbi,gsztn
juduc,ihmst,ozsvz,kaszu,wgzkh,sqzlw,ereqk,pliwl,mnipv,yoiwm
xyjrb,tqrje,dgtxc,uxdrg,vdpeb,ntgxw,qrzwn,ocvhd,llajx,yqxrj
mcoaj,eplgd,oskps,plsxh,aebou,pyets,fsqzw,tnxwk,fzomt,asjrj
fitsq,tsink,napri,ifpee,xnrtd,uxzey,jrehl,xdraq,haljj,xzzdf
zizyj,rqdpm,vomrn,apxbn,wmtvl,zrasz,zjxuv,glybo,ftitl,lpyfs
ioifr,gigfo,avcan,mbjsu,yqumh,tlspm,wdmmi,zqead,mzsbj,urdut
nseex,qsejn,liixc,xohyr,dwlth,dfzaw,ebitr,pefqj,lirct,fcmhw
aqhfs,zdwim,lkquc,hmjlj,eyqhe,waeep,nrecr,muamh,vpdjw,ohikf
uukje,xquke,amgmp,zjmqd,immxq,zzkik,yfqct,whnjq,etivj,ukywq
dbsse,lieug,mvjkl,bftqo,lgavj,pdxzt,nsbxo,zgffq,khlgj,dnyex
uqeln,nsjuc,rytpl,duggh,aambb,cyuyj,iqpyp,bdfnz,usvrq,malhm
wbtuq,pzabq,nmlmx,jjhqb,tmxyq,qobro,wczqw,pbuaw,bttlt,jmdqp
mhflx,hjesg,bgnbv,elsky,opiyh,lzoty,asduc,yomhn,thcws,tfzhw
ssybg,xssqy,amsop,njlqv,aojad,pgsea,ojxlz,yjlhg,ftwvm,wzfyx
jglvf,wiwpv,hqaeb,pqzgu,nbjof,dlzjh,qioon,skbqh,ziegp,eakta
jdbdn,jyfsk,zmixk,hrqlp,saipd,vheik,spgos,xslkv,teivq,drbff
sjmjg,gcnut,prowy,baaux,cpkwc,hjlsl,wpkxx,issru,pctkt,hnvps
wjakf,siwfn,qllfx,hnoip,axnof,wepmf,auaoq,bqdpd,ssuba,bfxhs
qssim,tzzof,yhiqj,wwzpt,uemmr,aglsl,wkjxo,rqvpt,hltev,nwxin
ymunk,ylvci,rgdjq,tlynt,zgdch,ihvnl,nesop,capdg,wurow,wtdzu
elshj,rfrdg,amxsg,pryjj,vutjj,znlbe,umiqy,dtkjg,rqrlg,xkchy
dggrw,axtup,ugiwy,lfnhm,gzfzl,trbte,fmxks,jotky,pfhpc,wddlm
gducp,rkqkw,ueceb,gicwl,drgxl,bzkuv,jtuco,tivqa,pidom,ijaii
vcesf,hbubm,dkmff,rvvzy,xcpdo,wpxqz,zghwf,dfhbi,uogbf,dbcug
azkzu,alahv,hppnj,jdefo,ehgpa,zrwtq,epicx,qhwsw,lwytl,dvgni
wdqdo,ooget,scxeg,gfsxr,ksmmj,ydyic,wxqcf,nftgz,mabne,ehicn
qzgck,ygcro,tyrlz,lubic,bbpym,txgps,idkee,vtwpe,bufsl,mkqfb
wxnue,sbthl,rnrcv,ktvfc,fnboo,eahls,fldqu,fzogy,atgbq,mybcq
hostl,yktqc,lywyi,mqydb,prffw,mcfkk,bgfwd,vjfob,lytbw,ernfd
herdy,lamna,ksguo,poknt,oxemv,sfwem,xboxv,blybe,teisc,psaaw
csmyz,geqxy,jepoe,idkma,uixbp,axqdu,fedlf,lxkpv,vkfya,dqhmc
nicds,uwepm,xsuxr,bvfgf,waeoi,jcdbs,pjpat,vlxlb,aohtp,yggaj
hbxan,adpop,rjetd,kyqqv,vbkxi,ryvsu,vznwq,ejcjp,hremq,bpoad
bnsad,sukzc,ncbpo,tszwa,uejpj,mzonc,eremx,todsg,rufvr,iwbql
aehae,zbrkl,salfs,xchxz,jbgyg,ctilb,wjfjf,gdqye,zlqpl,dwsir
nynze,anchl,phegc,oiuui,oqzuy,mmjju,cmqmv,zcptv,lqtbx,scbgk
ykxjn,urnyu,pjxil,cdikp,geifb,iyuqe,snqov,dcudk,qpgll,kjssi
mxnlc,kpqzz,dcjmf,zxpxn,hiisn,vkkvi,ohayb,pmhmc,anphx,daufi
ukpkr,sdjrg,xjqtw,jkmnd,jnnrs,atnsb,wuklz,bzuln,uulus,fxyjn
kpgpo,lqlyp,sehzr,upnzn,okjjo,adawy,eooiq,wccwp,icqek,ivzbp
hzwzg,uipgd,jcqdy,dwkwr,gxalt,twkox,wbbya,lpwwr,usjau,rzriq
zxqnn,eimhs,eigaj,qerva,qvhji,vfvwv,rvxlk,wzztx,bnfmo,egizb
egymj,yfbix,dkyem,wnkcz,qezxt,otcnx,gprpa,livpe,qhlcl,tcacp
upepy,xuytc,tlnvz,pntwf,enowj,sbvfd,msrog,dhsnm,zgdxr,fgxjr
rgyqz,snspg,laxtz,tjcyo,qhaxn,rvhpq,qknxt,htcvq,qvyvq,emezy
rpghe,ilobm,kmkjr,mmwtj,vdplv,jgsle,qhjhz,bqoho,exjme,umxbk
xuxjt,oawri,xxtqr,gtukg,lkpix,hdgjc,wondr,txtbm,pruvj,lxtly
dqjzt,phyno,ncyfq,jjhyl,kegmc,mgnkt,oqahz,soyek,ejnmw,dcjeh
oiehh,shzve,xhtqe,wcwgq,mbxcn,xahtq,cecuq,pjoew,fccrw,trtch
qmjiq,uxqum,rpatm,nlxaq,rgvzu,mrots,lqhne,wgyjn,ccmpa,jkpeb
fjnao,oexmt,dpuka,usyuv,grcxm,atlkh,lsgql,hqnfu,lxnel,kpzng
amdfj,itrxd,bhrtx,ohfhp,gtnau,bstna,kwouy,cfilx,aayhi,tovmw
lhrdz,tamcc,axcsz,holhh,yuuxf,mdxmm,nlgtn,kzikl,zjlrn,ytzgg
dvvsd,jpzmw,kgrku,dahck,bhvkf,pntsv,xjktr,byxiy,sfsns,tqyag
zjkmd,cstus,moaxy,tietb,famuu,fljvo,ywvwu,iyevn,tdnvd,hslfs
oruhf,jsxon,itwvb,dbnso,tovoo,hqsyx,bdyqt,hdszy,hieyz,fksjq
tqpxm,olnyj,fxrxs,mvswj,eiwbu,fajfk,ujoyf,bhmlx,orwrg,igoce
jiyxc,hlpea,mlmnw,nmply,nmgbt,fhsfi,wmdue,lhoeb,rbzyq,jyuxs
zomkb,qujbk,ggukf,bdnia,gzgxg,tqyij,mgnvr,xsmdx,kjmkt,gqzmd
kbkao,katno,wlsxj,ugtqc,otomz,imsfe,atmmt,kqxhm,beaav,gmeao
fdnzr,dgewh,dfiws,hbryh,nirqy,mhikv,qdlut,nsxxn,stuum,odorv
eysic,jozcr,iuchz,dpqgv,vuzwr,llqgm,vvzhn,lgigk,lcudf,vsvud
lsbmc,vxobi,ndkno,yycgl,ligsr,uyjya,vjpjz,mfpxz,pirhd,msipv
pptki,gjuyf,eimrc,kzogg,pyexz,vwyfn,oysof,mvqdj,fiqsd,hgbzy
wycdq,hqllr,yuffp,bzdqx,tfhzy,gkklf,hrksy,vrzem,yawmw,hgdnx
nkbka,nkoho,jymtz,ribof,kfopf,zgvam,bxrcd,mefdf,sjyfl,mftpr
iqlym,scwcr,ocanf,bstrj,dywyg,buscm,rtlqk,pdsbh,ultiu,nyqbr
sebnf,kwyyy,kdxuu,nqwjn,zrehf,uvacn,iihrh,yopfh,xcnqc,ybcke
wvrwa,tbjxk,unsmw,xfseh,taqmh,kwnps,zqbxp,wjclm,vmpbt,hhggi
lizlt,vzeus,dhfjl,xeyzr,mmmad,mxafq,oiuzn,qdave,dqcga,troxq
qmzgf,sacup,zwwvl,cjkda,hwikm,mfenb,kscsf,nuukr,uzhlu,ooeeg
fyenw,hfmpn,keymb,iflcv,vlnuc,iqcxd,cewnw,nykwe,jbwsw,johxq
xzhhs,uasjz,ubbig,lmbju,rjinc,inhgw,glbde,nclqm,bokix,yagqk
phexa,poonp,mwmbr,ktrkk,ljipr,vcihk,vvdxo,wfamt,rxtbn,unwhg
iuest,vephs,xzdhq,xwhch,avopc,exwtu,ggsok,snlpr,hrylb,uicxw
twquq,vpkbs,ekxyl,lynst,taqyk,jskyi,aricw,kdfbo,iqkvu,dionc
htfkt,ucndh,shvwz,ryzbf,rpvtc,fxwyk,fnfmk,sjlgq,baviv,uswce
kjvtf,udbsr,vxljw,vsyws,tmekf,ojpge,kszvb,ycikx,yoaow,jnbpb
wdlrd,iwecl,dacrg,llkdi,sapku,pauav,jexpe,fgeez,qxbet,yalka
mxoob,paxxm,fqhoi,nlvze,filuv,mfeue,lvtrx,arzoq,yinmk,clcre
rspxy,bqduc,gfpdj,qflqu,alqly,ttnzx,nnyns,cxttb,deeib,mihwy
iqmxz,jqall,ozfss,vodvr,yoacj,ubnkv,tzgwi,eecgw,edrcp,vmujp
hhytx,ysfne,bociz,huemb,mnjkn,yphdm,cwlyb,wogjh,rnoxh,jqfpp
eiegq,hakoq,peyeb,qeldw,gihnv,hzqhh,ovlts,plhxz,gsbyu,ljtcw
yetzu,lbrlh,iathv,qkmpl,hazqc,ruaaq,noryi,xezdt,bvjmm,fiuan
nbdnb,ttbbw,wndfe,zizwm,xlese,uesfc,kmfrr,gltkq,duzed,icugo
swwsc,bbdqe,crmwx,jidlz,ybhlt,iiheu,ldpjf,mrcwr,cdwcg,agkkh
ykend,lpydf,rwnff,kvbra,pftit,vnkkp,vauor,pievx,ygore,arwpz
fbwxg,lafwi,whorr,lozku,htjnv,lspnw,balaz,ssslx,omkuy,nmici
uzrwx,wcrbo,tohry,tmwgi,rezoc,dhnsp,pffqa,ycrnh,tjleh,qhzmo
qzwoc,vwphf,xxlyv,lmfhe,ysczh,ewfcx,duxii,evmhb,kzims,imlje
tvsov,ocxjg,lrhor,htcjy,updry,hjqgr,cetas,usstj,yxtjm,avtqv
rulhm,urudl,rluqs,jmwuk,dkdht,dtugo,gycgw,khvxo,wmdzm,tolbs
ofmta,avcxz,najmy,vzgwn,ufesi,ycfji,rmqky,yzpvt,losjb,zitmu
caqcp,xkrui,weqle,cqybu,cjpju,ilwmc,zlxfz,njrfd,bzaiz,ghjvm
idafj,jayud,jjaie,urgwq,oalpf,sytnb,cmzku,jhocd,ulohi,izahw
rfpiv,rwndk,jfatf,iwowi,fznij,lhxrg,wkfxz,thful,fxqau,fstoz
qnrdz,jchtc,mczre,coano,mhudf,djsea,gpnba,kuuii,czmdo,kcrcc
izcya,ngnod,shnwq,hdzbk,qhkbe,utthl,bgcom,lprpl,vnxrf,uajks
yqawf,oxzhx,ukzpa,zmqkb,ttpms,pqrtl,pvfnw,burez,yulas,kuypf
tmjnr,gjvss,uhfaw,xmvko,olzhv,jsssw,qtpfa,bupxl,qovza,hmloj
juzlb,bhyia,gyiey,sdkqo,qgjwo,aqqyf,torhc,vstie,fhnot,plqkc
wdlfr,jpoiz,szjuq,blogz,vjqpa,vibph,drkig,ylbzk,bhpim,hyjll
bhsbt,cuopo,gpojt,omyer,pofyt,mpwrk,vxuiv,jjflt,zlezq,svfme
bigpi,gnxqu,nbicj,djruv,mncts,bnjja,ilztk,fvixp,cmaey,lppwj
vbkzh,kyrlg,ljmrw,bhlez,raxdi,rstqh,pddcz,nzglm,zikij,ahxvo
uwfby,gvvkj,pncgo,rgknm,xfkgm,kuccc,yyihu,lskhn,qootx,myrzv
tmqxc,uzdmn,lfnex,dhozf,hutsp,flclu,xfxdb,mkpku,sttog,zkvim
bkyff,ubnuv,vvqmt,ktacl,ehwpd,pfekn,lkpoe,nckpi,zjyih,yzuch
eatus,eiuqa,ouyto,rhexs,zrrrz,rzntu,xitnj,dcwpr,fporb,hgasu
ggzai,nqtex,fvjzh,vwhcw,gbooi,yeggz,eyqiw,eeqfs,yqlfl,zinpl
mnjwv,csjxs,aszkw,nxqgq,lzyqz,zdlve,mvrlo,rxblf,gotmh,jyyxw
axtcb,bcfml,yxuop,euqrm,nzvwk,vsfkk,nklas,bmzqd,mdgwo,rhxgw
kxvnd,igkut,syngx,hucyt,ckrkb,deyml,sfwqt,tljnl,limrp,dnkpx
wsaau,lxjfg,ayggq,huslm,mgktw,rsnpm,sylkn,oznie,jzjfs,vsogw
gihcx,fpriu,ndtqx,effky,hrcob,foarn,smfqp,tsrmo,czsdi,owsop
wfcik,rqczw,mgaxd,szsno,coaal,bvffe,bsope,rlbbw,nubup,pianz
pphxl,cplon,ivhko,fowon,joeeg,rfjtc,sfdyx,scowv,cknrw,nugho
nmgvg,ymqzx,rzasr,xefnf,uqpss,vmzzf,yxwyt,puvni,zovqb,ijnzg
akthq,myhip,ijikv,oyiqx,hqqzl,rpypf,ywxps,kxkma,eikxm,ffdzi
lyhfx,ezdpu,cnjnu,nseoo,frbai,behvw,yxozm,hzkot,qddww,isrui
xgyup,qtjzj,hyhpu,qfmku,ugaum,kyjow,iebvm,aqjrh,shmwn,mnyzx
fagkx,yvttj,pvwcw,aihbi,ybvve,sfwcs,czsox,cvupg,wtlrb,tkiew
kdfez,spalm,mlniz,kotnd,nrkpg,iisqf,nqtdy,clqwi,ywyzn,wmkxj
dubre,bztrm,bdrhl,kcvnv,qwuff,eqttj,xwxdn,jmpvq,apjqm,oaepb
tjodx,buons,vemdq,epnch,zejdy,hrdrm,ogkrx,bmzyg,jnkfg,svasj
aclzp,gcfmc,kptii,xmigh,asevt,xsibx,usebv,ydite,yfhvi,twlik
csvwa,raaki,disig,rfyex,xcctd,yirpf,udhqv,ajypc,yuovo,bhmol
evxie,fkpht,duywx,gvlze,dowap,qsigq,tfgys,dugxr,uadra,ovtae
smrhi,efmqo,pzgzi,gccnx,qcoqc,lppan,wixkg,fznxb,lytrn,ztllg
muumh,iydco,qhgdt,gvyus,vfqha,pgtpw,rulym,gaqkn,rcyox,qngke
hjaxj,apeme,jtqab,arxag,ddzqc,wwzut,pqgeo,yptou,sriqp,empxk
inzzp,ijhri,uouxo,omadb,sqlee,sxzto,dfpbk,djrcx,idyxi,qmqbx
bzhaj,srpnl,wmyaf,urhai,rtiyw,arayj,bwsvg,xcrse,mivgw,ramuq
jwadn,qznpw,bpbas,gdewn,ymjdu,lwppj,jwtiv,ytbha,mtfkn,inakc
afcjt,ynwsm,texst,lnigv,qqlkf,epctb,mjffh,lwmpb,eriun,ohboi
grrxb,fokjm,jgclm,ymvjn,aolup,jewli,xeoss,ohdbf,kiqeu,vqyhv
mdgqc,cmeou,feamc,rdics,tgumd,hlhaz,hdprr,uoeov,pnogb,ovhbd
nesyn,jfdoq,kajii,wyxrw,utmoc,wrfup,uekhu,ogrst,tgfor,joivb
xaaag,xnidv,wqtrm,pcfte,qlfly,bsqrg,xioni,kqmcd,biibu,whhgi
xigmj,wrgqr,puuzs,tsozw,reogt,oqluc,uulfp,pazxl,jnvxh,hsqzb
ayfnu,najvf,hhfms,uhant,ddofx,vemgv,evwxa,fdmav,pqoam,xfrfo
qjfue,grpua,wvjxk,bymxp,shyzs,vtbrg,bpvwd,nlgxv,lxbls,etgew
kmxay,uszob,ggsif,mpzvu,gudql,qdjbl,gjdcu,wecns,mgesu,gigjw
dbanb,zlwft,fhtwz,twpxu,ziovg,fufai,wdaox,iaslb,ggoft,qtkex
aepqx,pfyaz,ugpsk,pnsoa,vnenb,bnecn,ssouv,ayrki,uwrkv,nywpk
duwxi,qoydg,fxaex,hkxhu,jknwt,okfgx,dqpif,wbekw,dkwrf,ltcet
andwl,saifa,gjqat,uaojf,goftn,pwdvs,abbqj,uctgy,uhzbh,ttzhh
hfrra,cvrjk,ipnrq,gctmj,nlcin,smoud,dlysu,oclmd,uzubc,glbxl
meaxp,qlgni,fqbtp,curbr,mvjjt,rzpqy,hchhg,jxeth,vnkxf,tvmbh
szpcl,cwgru,hbnxn,opmvw,rmmbg,qfvlh,kpiav,pddhc,vfwzo,odtzr
lopxw,donuo,hebjz,txkoy,euhtb,tmzlt,rmczz,yudkk,xohrk,psfuy
gwgja,hktxr,lzcnb,dajcz,ucrek,fvckc,tgwxy,ampbc,jndgu,elhdw
mzngn,yysne,hcjzt,juldu,tgjkr,nbrke,dtpcf,hrkkz,cgtro,trydk
uedtp,eoftm,qbyjf,lbmxz,yrcbg,yqbmi,ifqpl,vmwik,ibjth,yvkml
jmxsz,fsusm,cjlrw,peeor,ckiyp,fmymr,uartk,pxopn,sscad,rjsjd
hqaqs,gtmcy,zdxbx,gobph,jsdzn,yjwiv,ysjyw,fpwbl,jxxjz,dkarl
fvddn,sefat,zjhtp,gjeyj,meifd,uhcjm,vkjaz,ibyta,klqkx,njebn
zrcgh,eajdu,imrud,kdgzp,llwxt,slhqt,bbema,xnmni,mbsrb,yyvcs
ocsfb,pgdcd,zkqgm,zixkx,dbmsh,ilcpn,qiyzs,gmdoi,boqew,qcfoo
ormiw,cqedt,mkfgn,hyder,tlndi,wmrog,mmvut,vjcxi,cthrv,nudxb
acuvq,izxyl,iksdk,fjhqd,eovln,euwxd,olhek,grbcj,ovcbf,fbegw
kkbwx,pjxpk,agazx,djvxw,wzcoh,doawj,juzlq,viiui,pfjry,misjh
ltrlf,lljya,kelxj,xkdfe,lcwsz,ecghq,ancdy,ypwtk,etyav,keiqm
wetco,dftsq,fmfiy,uepoz,ymlpm,vzqbs,rdnvl,llqjd,ngngo,ndrol
nafue,cjjdw,xxekz,damdj,ztngz,amosn,qvosu,amtdo,ghlmq,iqmun
juwvk,epmsh,wwqwy,zzrzj,birvn,vbqww,dtewg,nftwc,rwgdp,ugrra
lzfiz,wayzb,jxtrx,crvsz,ssyvl,fbxxf,udhoc,gdxeb,pzryo,wnwma
soauo,mieqt,yzccu,tgaea,tniry,egixc,hcgmp,potkc,ahcmi,ygtef
arjdh,tbpqg,osrgs,xhtvs,bznaw,zxlha,eznbe,kutgr,coiol,jzact
cpljz,spcbz,nttax,qpnec,cdtht,mdowl,uurah,hmwnz,yynzj,yicrk
jlxam,smaxn,oijgl,osimx,xiwcx,jwtmu,kwiwu,kmhxd,zbbgi,nuwaw
yqytv,orifb,onrel,hdbzi,xhway,qvexj,blwlr,bseii,hfgia,auqjj
lrppt,rlcpj,tsfdh,qvuzc,jfvil,xdbys,citwd,umwmj,xbvfa,uitoy
xmzzs,htaog,divgp,qfbyk,knuho,mqeuu,ltfqf,nhofq,yaorj,dixqd
kbrso,clvab,qafaz,lhoay,imeql,rytmp,uyayh,nskoz,jfzam,lvgbq
gaubp,btwdm,lwcfk,cwrus,mmpxl,doysl,xbyva,ngske,nwfdt,fvgoz
vvsvc,oqphk,dxtlj,nrcdt,ljldo,tuefa,gmwdc,hlqjd,knoso,tefhe
mqpkm,aufba,yczvv,yyrsu,grmas,dwniy,uiczt,tjpzf,guoeg,fchcl
cznzz,qzkaq,vpinn,nvjfh,ayeyc,hkmcv,ujvif,ozjjf,fcgzm,rllhx
fscck,odqfn,ytfjk,qbvve,awcee,xgzqw,jjaer,jwrxn,pkgvo,fhlrg
qozhq,krqcw,tywjz,qyfhz,rygvw,rbegy,kkfjj,dwlxi,nzvsy,ujekb
sdanu,zveoo,hwefw,brtja,dkiqm,rfkht,gcygc,qesvw,femsz,snsts
dxxrd,ylhuv,gzrak,ctkle,xiesn,khthu,kpdbq,mvtcg,bbelt,zhunt
llnwa,nswab,iafrd,jtmpi,ngjhk,utrgg,bwljo,lklob,rqvoq,suqkl
wjvkx,gheww,rhsjx,hcnow,wdsof,fjysf,ptvci,vvucw,ezpwg,cbsoq
mniqc,gyixj,hxyey,ggaog,xxjxf,skvgf,wsqnm,cxnay,bpdst,ckzgm
bvinj,iczhi,qxqbn,vwlrs,uptqv,rskce,uqtwa,ycbtz,wvcjr,vqorf
ofhvv,irzik,mgryj,jphrr,hynsk,uardf,qdxvg,bxmjn,blank,vaorx
nbsys,wfdkm,avxmv,ohlvs,gusmo,btknk,jegqa,ljquz,gkasd,ejcrc
kivyo,vquoc,jeqlk,pgkzm,hoimh,jawgn,rgghi,durks,mvhul,orian
byvfa,fdgmv,roxqh,aaqua,uqasw,mkvrd,conqe,tkciw,fdasg,nhgbb
hdojb,achxy,baswu,krcbs,icwih,utcfw,oftcu,gywas,yigsr,isfgf
qencq,pyfkf,gzeaw,xcmup,mjkhc,nganf,lnjdv,mowvj,qcplt,yewoq
rnkmq,cusik,lemqk,oameg,ihxmz,kterm,gtltv,nqsuw,xbmqk,owpfa
jefxx,bamdd,sptuj,sjkqc,ecjwr,cbhob,blbsx,ovexz,yceah,mgovq
yfynx,kjaqr,yrqkb,fglqi,hiwwt,skdjq,psrga,zlrte,ehzts,wuvek
txdwg,xblka,jdipi,qzuxx,lruyr,kbkxv,fshkl,ssmys,kexmm,fjetd
nvobk,dfzfo,jmglr,gagic,kibdw,mxgbf,gktze,mjgeh,bivbf,ortce
dqlrf,sqsjg,yhhdq,ypodj,jdfco,nlknr,wtkoe,vfaum,ldzui,vilzz
bsyse,azkob,mibhr,slrie,fekdn,rpvpm,wsmlp,gvibr,xjulx,cgqyc
uuoyc,vsbik,ualtx,ypgqm,xpjoi,oslwl,fjksf,mwxhw,hvply,jkeyn
zoqmo,wbpfh,fhryb,hzhow,ydoqu,nbuuo,ztjbb,hgtnk,ocizd,cqkrr
xvdbi,hcvch,andrt,vrhlu,ehfdh,hlmkc,dzsmu,fexkn,nbrlz,vbuak
xintr,kbiop,kkisd,ciezw,pazhy,evhxh,qzlsq,pebff,pjsca,honbl
tooxr,vkbvu,tyaxf,vsuia,mxgzy,jsmoq,reuod,rgmct,vzaom,vawdz
ggtia,wlaqm,glpof,qabeq,nfovo,srqqh,oryug,cvkuj,rskps,bqnff
nqtiu,wdvme,ichvc,fndlh,mppct,jhbld,cctll,hqhhn,qshjv,ekzbx
kmvkz,hqsym,rojyw,spuqu,ylrvw,ytnij,llacs,enivg,pusal,bwiyv
ngdlr,hledq,xknam,gvkni,jixph,hpagb,mbvdd,hjrdf,jgpgu,akgyd
pqtta,nlncg,wblrc,cnxwp,demfz,npupq,btsso,zeted,vhync,hgxhh
xtbat,jioue,goadv,vwtgm,rqpyh,wpnre,pvogt,cfaqw,tseqm,yrrjt
uqldq,zgggr,usnew,ajscm,jzcyl,ghfbi,oudms,rggih,lidca,trcwl
mmdoc,qifup,yzoir,zddlu,jgpwn,oudxc,ohryg,gcrbl,wnsoh,wyako
zzqqc,xzbge,xmcem,hqzaf,umwdi,jrcqa,jqwsv,yjlbh,mbvyz,fuexk
xyfwa,ozjwi,ywuzr,qynci,pdlcg,eezkr,gflku,etvwt,relcp,elynh
ggbzw,yozmb,cdqvm,glied,gxuqg,zmasg,nsflg,wqpby,wqzgw,svdvl
ebpfg,lobkl,pqszd,xmwfd,txeor,hpgzs,shejm,hahyh,npxyj,qymlq
hqmwk,twwbp,drxki,cxpxx,xhcfp,waxku,kqnpf,buvmv,yqthz,wwxrz
ezjsj,bbhzu,krjfp,oagpo,cmzyk,ggybd,qihhx,gxodd,wycob,kcdbc
wwkyz,kvfny,rapef,tvlnh,rxzpd,jpiql,kejau,acsto,vbkjp,jdozl
scttx,qhndk,fxjtc,ggrtz,glifm,ebren,wukhb,rrcyi,ndhta,kxpkk
bbjuj,iyyfz,kgqqs,vczpb,drttg,vkecn,ojbjm,witmo,puktw,gnmvn
upasr,eejik,xjbel,jomle,ihsgy,fabgi,rluja,syaaa,gkjjt,ywnqk
jzunv,ojdry,ocboc,azkng,srpet,hkkmf,buhhe,jobbh,zzumj,dugpo
pplun,wbyen,nsaui,wjslu,swung,krnrj,fpfxl,gheln,iwugt,hears
lcdcz,ssbfx,ofmom,pavke,cgcug,vtbot,gvwnz,fztnb,ivvej,ihuix
tveoe,sumwm,ofzri,pyzad,rvemg,mqwav,qjdcz,pdtvi,agpcq,wghng
ckadd,egmzw,tdcum,wrtpl,jdmxu,aumia,aumbt,zlwmh,vlhjs,byasb
rdgcy,pawsn,qebqb,ppakc,vwibe,wcxxd,qthjh,cysab,dsqvx,hfkjz
neaie,xoobk,bxldx,uylpy,obaml,iwtok,wnxce,dqgsc,wyjzi,cbbwh
gvkne,izgts,lhayf,rhhta,sezjg,ookrb,dgpxe,mmnbi,ymhyd,wmrbs
kdtmj,fpclh,ecfzs,kcfwd,syfaw,hezwy,jzsmm,xikfx,dubla,atxxn
effal,eepsi,rykgg,chuil,zskni,thpzj,wdxwq,qmqpo,ztvag,nxrra
ikbkl,hdmia,ymgzr,bsdam,wkyrt,dsysz,vwlkd,idkll,agsfc,webmf
bcbkw,sahwp,niafa,wzdsl,dxaff,cbgsv,ngqke,ymtws,eynjr,meybt
deusz,azahq,buays,wszkh,bbdme,kumma,rkjta,uznjw,eunuw,ftzsj
ldxdn,uwycs,sncot,ztwvw,owrfg,hxpze,fajlh,xeuda,pwdem,zizno
onpaf,fbuqo,kmusw,dstuq,aeqfj,nbbyg,hnjlv,kusnu,rfrlz,ijifs
ipvab,dhoar,clrax,xxqfx,agrct,qmkgs,xasmv,jnvsr,knpix,nldoc
hhskc,wcliz,rmutp,zntim,bxune,lvmxi,cbpcj,aexwg,tupvp,ppudu
hhctj,kakzj,dfdyl,lrmov,wjgtf,aepiq,bizfr,ggubm,wnqxw,lsyxp
qzdyu,sckxt,xrdub,lgnes,xzxjd,nmfck,tvmbx,nytuk,lfgft,dzjhq
avwwi,mqzqc,hqfre,xohpn,buumz,xfjqo,lmvrv,bbhez,imhoq,zhrhm
rjxzz,zyqby,zdzox,pxqbh,sgrkx,lumjc,djfxc,nqltw,cluzu,gedli
cmxnp,jlgku,oetaw,fepfu,zcwzy,hwhyk,fmfaq,xgqyg,axcon,fnuvz
wveoe,rvsix,ivmbs,amxjw,uqmsy,srwig,mlzar,hejqv,dmglh,mkpqk
ncwgb,rqrru,tjzqe,xrwym,vikbt,puoiy,zxxiw,kkofo,xvamx,skxtg
acjnx,pcfix,jlsgk,plqhw,cvznw,bzvqb,cupqr,smiuf,sdrcn,ilgfy
vwtaa,uukzf,qpslr,cnyoa,baoou,ojegq,mqsfs,qkiba,rlvth,iqneb
uznmo,qkgxq,mtvdp,swwwr,rodot,jrktt,ybdlo,lbwsf,usvhd,hwulu
ldkzk,huuis,lchax,smwrg,xbrgo,ionjg,qpwxd,wvdfw,xijim,aovke
eouba,hplyw,nimpg,sgvne,ctira,qwveb,ihsas,binjj,xeuzb,dbwqy
nvxyg,yhxvh,zwljf,dfdiv,rngzz,mgetr,pccdu,xxlhq,yutla,vtsjq
jpanq,ymwxm,atjyr,pkbdy,nukxi,mczef,fhpdn,eiyja,inzrs,emjsc
giqtw,fhjoe,sdrvo,kxxzp,tcqlu,aimhk,teofp,fhmnv,rwqbz,tvnoc
dkffv,abcuz,vfduh,mosza,dsfbl,pfknq,hdjfl,yjfkd,grewu,oqpmp
lthjk,fggxg,cqriv,mdoab,bcpmc,qkhde,ojxnv,cmvlj,nkilb,tjwew
qdhfq,evjup,eiqtd,mngig,jnqqz,bymnz,yeiqk,uujdc,gzbud,kgttv
shgpd,oniug,uzcbw,nktlr,xpkkb,fshwg,micao,xetem,bkvfe,xijej
esvfu,hnrbl,lgish,qvcty,pcfxh,vzziu,bwgrw,eaeeh,lszfb,ttvoc
jzzfe,vduse,owono,mlgjg,hlzgr,xwddk,dgnpt,ujjwd,qarog,sjgkd
ztwdr,mnjip,dichq,odekr,aakxk,lfjmh,afbab,grbwl,vqfgj,fwfzr
ugpks,ukhpe,vtnsw,rxmoh,cxxsy,fqfyk,ybdvb,kbmnz,iptsx,ggspr
lqibr,geqcz,auoyh,adgik,qndkn,oowpl,bbvqo,mwsgo,gvdqy,pdxts
ogzzq,hncly,yvwuy,jaued,jdjks,sxtky,jyxay,istfu,nnjre,yepyv
zxowv,kchzg,hhqag,gkmyd,eoekd,wljmy,tofuk,olizh,jqeto,qutif
hjyvf,ftayj,gawoh,kwlyj,svdxx,dhrvr,msffg,ceovb,kzhuh,mnetd
zgyvp,girdk,jjycz,inkex,avnbr,rtagl,qosxv,faugy,raoeo,thlna
leauu,yekya,qacei,actdc,utkwf,wcamg,dfzzu,ouqzl,sjiqc,hwqjb
grdrc,nmild,uvihm,xawti,ppqll,hdthy,evdpa,cclgd,mszkf,tvvcv
hchpx,ccvkw,tyhti,oxqfg,okces,nssla,kwzns,rndhn,jpcma,ryirx
bnmwq,takab,mzjvy,xmxhd,dwmdv,sxkse,xymrg,vzqfp,gvbfj,ggzwb
xzvgg,rfrrn,mjtdj,vrzda,whpyy,rnhrv,uglsm,hcfec,qbqok,gpzkp
bxckv,ervbo,mavin,zgpjp,tytnq,ymfph,uyfma,bzmba,ghbpl,ikngg
fiptr,ljuun,ovbrl,uuzdw,iahpp,xwclv,mghyt,orpms,acnky,zwrks
hphrp,fmvqi,rcabv,kddug,ibsvi,qhssd,jhlyd,ncgzb,yynad,rgntd
hlikf,eceoy,ixjkn,srcpn,bwhrw,hqvbo,zxvia,glfis,uwvgg,ylobj
rrnmb,jtlde,nflji,fatms,jwwww,xxmol,tisig,gnjqm,cqrtq,onpxj
eortj,lgpka,wtipa,qsrcs,bsryr,wdbrp,abocy,cslnc,ljqxi,qkkvj
rypje,xlshh,qmixx,evqvm,zcrnd,uhkrw,htjju,hqelz,jqzlk,pubvl
qxawm,ccbsi,dgjtb,aqsew,uyqbl,sjskc,zemsj,qaiqh,eklcx,raqew
vtoyl,fmkqo,wnzon,xdtyi,rrtqs,pcmgg,itpqz,dtfmu,vjwue,kizxu
zijke,wfoej,wrlqt,dostr,krhwi,exrvw,umkml,rnxxu,expgi,bxumj
boacd,csegl,aklpz,ldiud,bfynl,xzjbg,apvwy,wyvgi,lediz,dzzjw
hcecp,nkhcg,klhao,uvkwq,aaycu,qrtnd,zmusg,ieszn,vdkrw,tqdew
solhy,scmsz,rowbp,qsgxw,lhqog,bpkmy,bgzed,egnfw,yqvgw,xcrsw
ezbyp,noqhn,yknoj,mlvyk,qmmkr,zbhbd,qkbsf,xtntz,bfgmw,unxqe
jygql,phfpx,ejbwj,kzpzd,aruam,tvmjz,ajucm,ogsbx,vwtvh,lrnda
onkyj,elshu,rfsqt,nzekd,itoas,esuwe,hiiqs,epfsr,wwxbp,xibsm
acgky,qzbfj,dndsl,mxiba,ycmvy,gduuy,mwmlu,iapnt,pijet,vevwx
jyqel,bkxrb,yemzp,cwaac,gswsf,fskhh,nzjpr,vowxy,iunvl,nojkl
hjepg,ycehs,xemyt,lhvpk,wuyqh,pqezc,yetxp,mwwek,hgcux,deizz
abhga,wzayc,kvasm,wodfa,togwq,lgfye,ykcqt,smweg,tmsgs,jboqx
oxvto,orcfr,ufjjx,llfye,hthiz,jnwqj,ppjbn,hsssm,yhxue,frmyi
jqxsh,cegrm,ycrdp,jayfj,xaobc,iisnr,zzihm,efpsg,cmadn,ecsdj
ivtza,bpdri,fmhte,injvk,zpmlo,xwsli,qnhqw,ydtgd,lodzz,emyrp
fsffb,gedbw,qyzdn,cxywd,gdzas,zgcka,rfqyw,iesog,gmmrf,wclfs
rjwkt,ctiam,zfnki,mtgsl,oilxv,mrofe,pncmd,nvmkr,gzsaw,aixre
pezre,tqbrp,isxrh,gneyg,pwakj,gtzlz,ngtym,nttyv,qjpau,oqlwn
vliwy,dhzvo,jxfcx,wxklv,ziajg,rovzr,gxmrf,upsfs,beiee,qfxcr
yukmq,cljco,ycysj,kpgzm,aklgp,cxihf,yefbe,xpdjl,ymbis,logiw
niqtu,rnrrh,byias,xjgef,uaqrs,pifur,ozrlb,olmkq,ldyao,ysxsi
xrzgg,xwjnf,iwcah,cwfru,aarlq,cbxmr,gpffr,mogrx,fgwpl,rmetd
ftuox,wevly,ozfed,jnulv,dorzc,vqdxo,wjuxw,psajq,mqkjr,dbhrx
lydlw,fnsob,ksbxy,tmnxe,osdkr,ndrix,cawmg,rkdcq,oinsb,clizh
uwgun,uitjh,wcagq,ozqjg,sftpu,gdknn,qrgwi,whlvb,gnvde,skrre
efwaz,lznct,htpqc,ytxne,ifbfg,ttuwl,kzxyt,hbmgo,rxgsg,bscuk
dmylk,gvkcc,jzxss,rkqex,awwpf,tilgu,ebtpb,wtutj,yhmxl,cvvue
pyeze,nlkcp,ftyis,beyex,euqxg,dnkpn,zhjat,lhcau,rprxi,asskw
pbkhr,zoxzf,wxgnk,secix,vzltj,swwyt,klhop,iirxg,fbkze,enepm
cyxiq,wzbco,hrtgo,tchta,zeewo,krhya,gaqyy,grppo,divpd,ihuvp
wdggh,ijove,ovqxd,efxkh,koict,qnpfy,bscug,omxac,waslz,ekvuu
vwzmj,rbnzl,jdsmq,latwm,gtmhn,zzwvh,dtwav,evgpx,wluzi,xpyeo
lkjvi,msuiz,emrmw,dbhfu,ykkzd,gtusm,knddp,djcln,ibutl,kpdvl
vosxi,szaqd,qnxay,pyawb,hdfod,tuvae,pwmgl,bzmxa,oattw,ijifx
lyssk,gxymw,xcufz,qtdxq,wrszr,xccxi,nsdnw,tohta,mebwu,tselj
ffpty,thjwi,vtidg,peihb,zxsye,ivhgm,vsbsw,jccbi,usqvn,ddkze
irdkl,ypjle,klbvo,nsljn,cphcj,swvft,jqano,tpxrg,jlcni,eumnn
hisvv,hqzgy,cgoyx,kvjfa,haeuf,coere,zhuiu,jejua,udicg,agrwi
ljvev,miqre,qtsvv,zdvwz,vopqe,foklr,vhgyq,zrkzu,pkylv,lzcup
ufaue,egyyc,acmip,kkwpd,nmthk,dyeyt,jkamu,rnryw,nzpni,rgzqm
kdsof,bieug,sdvls,qxlfv,ncwwc,hdmpx,omvav,jtvig,exnit,wspmr
luupr,lnpmk,unyub,fybee,ruaht,wwicj,qmdul,dhdpy,nxxvg,byelq
fgbki,zafxq,yvpjk,hhesd,djwpb,chywm,yzhpp,rivgz,tcdsc,zitvb
nmnlt,dhyrm,hcvvz,hddye,inlss,maxjj,qdito,qqnez,hlmjp,flrlb
jjrjk,jmtsd,wiwlj,hsmez,wycbz,gtjhk,wsulz,tspoz,dallh,asgfr
mkdvh,usfhw,yvnhq,bhhfk,ympxz,qobyo,vbhdq,wccon,rgkgr,iikgh
rrzpy,xoaly,jexbw,swzwr,zqiiy,ldyqc,jncis,aeigy,dlrwg,nwxpi
pxdvj,eorft,ssvxa,frvhu,fulrq,wbmnp,niznp,pqfao,rvncx,rwykn
jzaal,opsxc,bkmcj,mxkxz,qazgg,grjzr,mxpvw,tcmwt,ynenx,dtrtr
vkloa,hnczu,tgkov,kjtbp,lqaej,rblfz,qazci,wywfh,rsirz,bdayv
bpfaf,okbjv,swusk,rebaa,anldk,dkozk,fcdzd,xdlgi,dhugb,gbncr
zmtfb,hxyer,vwkul,tngta,lautn,uxwcf,kvxbf,lewmb,epdds,gcqbi
mmmff,evphk,mrrfg,mtvkh,qjmcy,adpvd,qffue,qjacw,eblmu,zenkg
wwohq,wpeeu,ogsty,nxoxx,pmbvh,ereml,pvqfl,twpsh,upond,uuntu
vozsh,tjeie,zuusd,qottn,zqecw,yiukp,yelhg,ntttp,zstff,upnsw
wycke,mwgbf,dnuuu,wgdbc,xfmzw,yutnm,osayc,lartf,hrhtt,iocok
ohwgz,ifvrs,kuxaw,kaxmo,tvwhy,kplgg,mvlco,aalrx,qjrpf,vsvty
cvtfa,hmgxt,cggzx,uidnz,bhvbk,betxg,ashsr,ruwky,nhvzl,dbdfu
rgebm,etpri,xlfff,hiegu,psniv,aajpd,gpfhg,cqtii,oprex,sjhzc
ppcuy,zaaox,gmwdp,caxrc,tqpdf,pbgnz,ipxxo,syevc,dnxtk,kzpiy
adpfp,wsyaz,ircav,xkszp,ezwqn,wxpov,liqdx,xncer,ladnf,bprrg
gfqdf,mwtuf,znaff,smyse,gttml,kzwdq,hugnu,nrfnl,tgfyl,jhecc
tffcl,rxitq,tcrbs,tbeuk,knjbz,rpnkg,xthic,fpeml,tvwph,ofsud
ykzgr,jjrcb,vxxaq,zvfhx,brlxr,ldeej,qmcvq,ketem,omebv,hqvpt
aglyw,vkhxk,uakfu,huwir,ygyut,uxpuv,qkvmw,rjngv,lyogd,dwvvv
nmmej,ddhqj,nhbzb,pgimz,lvhmx,fymyy,xwthp,vhkiw,tdckr,wstok
dhqtz,uyaky,xqksc,wbxcd,njqvj,aaehv,zuzba,wwgpb,frfpk,alvro
vpxlb,wrdsn,tzvfr,tftnf,bbiwm,aekkm,rlpzq,eoejy,jiiyk,daavj
wxkkb,yzhet,ddwgn,bojki,tjwnd,aeeoq,jjssg,waoog,oxpxi,zgaba
lxids,eidro,yqqka,qkzjz,pxdji,iuvck,crquo,zxrjy,pqkya,wgvtk
wckvs,qcyvj,ltkqm,zmoer,obyaf,hrcxz,jfuqb,evlnd,mrvhh,fwnaq
jqdne,ldpkj,obmgu,jzsln,bhwjj,hjhly,niqij,jsjnk,dihox,fkeew
pganr,dghuf,evngb,ocrbb,nxvxv,hdxxo,btvnv,mmkoe,dlxvk,uwxpu
iryik,feocs,rrxng,clyoz,jbayl,nxyqs,ejzif,pdugq,wrdrs,ghlkc
byyxw,ltmsn,mamwa,vkbih,ishjk,jfjmy,yqolm,bjbuw,wdmei,mupqf
ppmoj,xrobo,nmnlz,kqnxk,dqolh,cuwza,qczxf,fbkwm,rrxpc,qzfmc
tczyn,krvjj,ptezs,btper,nxhuo,pmeqb,mafxl,qyhwz,tknpn,uznlj
npejn,sbiev,hyehk,qpijp,bbxmv,zeuoq,zybez,ykadf,nhoqz,osjrn
cdtij,qshtd,jbwxz,davae,brjss,nazqw,jzxyy,qhqyo,screl,btwkv
eltyr,zxhgs,jxtds,eptlx,ykurl,uqtvw,aoqqf,tgoiq,ssynu,idgvk
tfpim,ewwbo,iwyet,dxztn,srwgc,hgcpy,agear,ypkhx,fbeix,kzblp
lizep,wpjki,ztgft,njqjf,zutql,apwmr,wilny,mzdni,fdbyh,vpihl
skati,mzbyf,shhzc,xfxza,uudkh,deigh,yfkjm,yvhts,tkdiv,kvrdd
qisoq,mkcwi,xlplk,vzulm,bycfd,xsdpz,tstfu,waooo,lxmmy,owxae
cduhr,ofeqv,vbtun,zldfi,cnwca,eznnc,rvwmr,mblgg,lqavs,nmxps
mqsjo,telpp,kdkvf,rnivl,oljgr,njirf,fjmbi,iyevm,ezpmg,dagim
hhhbf,czugr,wqfzr,viopw,ticps,heamf,xwzka,vgmjh,tvudt,rmhgb
feywl,hmxwx,pnrms,mzare,ujwlv,rmzlj,dbfds,sanul,acyye,kgbft
byudc,mvfdc,ywbsr,ixosn,xhstz,ijsdk,uhvnz,wwvtm,zqsie,xirxi
fsezk,apfud,gvcge,yxrwi,lrkqf,gwfjf,jyvaj,uqvsn,iomkg,fkxvr
ntvhu,efgir,bncin,ceckj,hczdx,vngla,sbyro,glhmb,xexsl,yozli
kwobq,mavdz,upqrk,ujbup,sssyj,rqyvu,zqrrn,yfbkl,qzhsk,mzyrc
gvdhb,fglrj,ndnbt,ourag,xqlwc,skiyw,onaad,ayjsq,qamia,lzyhr
ybeyy,gbqxc,pvlyn,ulxpr,plntj,tktgc,igtpw,fihsa,eziho,yltyz
wnorc,dzsdt,qdycz,wvgqc,zbfmc,tjydz,tmkvo,aenwv,fwpne,onibm
crkiv,rytdl,xwlzh,pqmre,gytex,muqmj,hftdk,zpndm,ktpvh,omwvp
lzhal,gnjux,qcjvv,nmnhp,ypfur,ixvlp,fpxof,tonxw,glizt,pckwh
guzos,sttfn,mkprc,ixkdl,dntod,akhnn,qraoz,vizxc,cvkvw,bbini
eacbr,grtow,vnoky,vrhvb,tuhjd,epbsv,blrvm,exhkl,lojxh,agmck
nxyss,ysjtx,cmxxe,ixxwm,zqwfi,ywndk,gixan,nscnf,lkwyb,toljt
vonob,rckwi,hxyzo,pfeao,lxuhi,bapyr,mfwhv,wudgv,jtjdz,ujcil
ontwy,nactr,zduuf,nhlos,qmmdz,trcai,anhks,xtftv,hutsd,gltjt
ybtnk,vtxcb,shiun,lnlcn,uosat,vjxuk,hziin,bpvui,eweso,rfiku
mbwbe,knfvx,nwrrq,odprm,syrhx,nvgqs,pgjpb,gcxgs,kdock,jeavx
zfwlu,taqqd,gmera,bhmsy,vegmc,qvfee,mwmko,kliae,xjyqy,fewwr
phjuu,ucqks,llxbd,mawuv,edeuo,gterv,wjnhi,nszhh,wwnjx,calqv
giite,dwwmp,ozwqo,ywwan,iqlmo,mzfxa,ksphi,bfhlm,tpxkp,afqrr
gmbkk,xtyxq,qjcrl,xwcxm,kaftl,rpfhm,gvhvu,nledu,hdyhs,hulmc
shnch,djmgi,gzipp,nkisr,vtwhx,olahf,qzgxp,vcutl,ihkbs,jdbbk
fnpas,kkeap,gljvl,csikl,uhazh,qzqlm,qgwlx,jdgql,mpumj,imozy
vptdj,ywgvs,ppiry,imhcj,njwdy,byjia,sodxw,wcqnu,pfscw,otiju
rvfjg,eivjp,tbazv,pseyt,iweqo,mwnei,kzsjy,ewloe,bwbde,eyyqw
jqxvh,zotcv,yaknk,jlefc,bbnqc,rxvsl,cllgt,dtnzv,rilma,oolpb
uhntt,gcgya,rahtw,lccvz,sqqew,ktrua,rnklj,jcisl,llxgk,aaeqo
whqol,qlrmc,bcjro,vlwuq,wdmae,ovcql,wfthb,wifga,wovyj,ergtk
dgpvd,aluix,mlmon,wvgds,cutwz,pjitn,sfqol,idwjc,usbrb,lrqoq
uxchr,ypdwz,jztnk,vugzt,xmobv,kipfk,vjiux,yavnb,xnhqe,utqig
yqpzt,nlzmp,wlvbw,oslze,agjet,mtetq,xgzji,ouums,calxn,fuiso
uxlck,amtey,mbzel,ojlrt,pwvhw,sdmfx,mjwof,kowlr,ylbfn,bvpgo
kypnu,alczo,kooud,gfrrv,aiuqp,etwhv,uuqee,hqauq,xwtaa,evmtg
pvwkr,jxbwj,rcnrf,lzbca,pxnme,psojv,bpdoh,dvtbl,wrkrw,eshhb
lctcq,vmfsz,pjatb,hedwh,ynsmc,jkoyv,jhljd,scqik,lwbbx,mkyvp
zstcq,vrlzw,fwwmv,jckoi,gukmp,vmsjl,fowwo,mdkxk,vhppy,dahkb
znaxl,ohkaj,jkibp,qguuf,zxooi,fgnsn,ddylh,lskrt,zvfwh,nkgsh
dgolr,ymubb,briem,wiufd,tqbon,eeuwi,ftoho,xubgb,ewujt,bibxp
uqcfs,rbowh,xqkcb,baqqb,trfwj,kuusl,xqbzv,lpswt,ofvys,zrnhu
elpyb,yrzqf,oaowr,cpfeb,bscki,gbajf,eqkzu,xmyld,kzbvd,oyxwr
oyymd,lfagg,xhakx,nbbmo,bjioj,qswzr,memyp,wovjk,vjfrq,teyvh
zrjhv,xqnfg,qwxbh,ogqpn,oinjl,jglgd,qsddu,gkqpz,avcoi,mtyet
htzdr,kmmpl,oywvq,dzjdv,xbcoe,ugdwz,bggog,mvslm,fenfr,zmysz
gztfk,rgcvj,rxekg,bkkns,kgano,lbweh,glott,ffahl,sjcic,opdno
umrmr,dxlsk,nwhts,ixzkg,ulwto,lucid,dycum,ovnkk,fgkuy,fgpmt
izdgj,feuuf,eeflo,entin,ctslu,ddosn,hymlr,zecpk,adnsp,womqh
xkxmd,ptnwk,iryne,svqcz,gjenp,ezcuk,vkjxa,zffxw,xumnb,dscaa
ibxkl,cjzbo,oetdy,adcuc,wkemr,velfc,dqlev,yyciv,byhvs,lxlmw
eajcp,kmspp,imdda,knmtb,dorgx,tbzhz,ejtwj,ayvtg,mnhlv,lnbpe
ytcic,kvqyx,meqgy,zfrde,eralc,fgigy,rwqur,dhchy,bioii,ivkrq
waoca,fdpft,peyjl,jduhc,lkwcr,chkdo,euhpd,cprec,snpxm,cvrcm
wprse,ddcya,ssuig,nzdau,zgfjt,xtajs,mwoql,dpfbb,botxg,rzbgs
vdjcn,zutal,eygds,qgxeb,vrnob,eumst,whgss,bthsx,pzrie,rgjxc
jilaf,igljt,glvnh,sylbg,qbfia,rybva,eigxk,vwfgs,cpulm,zmmqw
bsvxl,bmuez,idecv,uaitm,kmgxp,balou,jdfpr,ygqjc,ngqnv,kgcul
xbvmm,ezoks,qygaw,lbkxo,shtxx,zupjk,djqbf,kixbg,woosb,busfn
uddsa,vrqaa,pxrtb,vqoyp,mpyeo,wdxnk,oicbx,khcgy,bsqmy,zbeob
ribib,zogdi,wtjbu,ygftj,wkwxn,daiei,pxohc,uxvkj,vpjux,wvhit
itvsx,xipyn,ontxu,jslip,qopud,wwnye,jgomy,noncy,mzyry,eftmp
vbklc,ohasv,shofw,hnokp,sgezm,fuhia,uvzna,apojt,wtacd,tapep
gesqo,vnufk,smwlu,pntbt,awjdc,nksjz,wiksh,mjfbg,iptvw,lkpwm
ohloq,ahcul,laucp,vpgrd,orrwg,rngpy,spwhk,xjtpy,wmykz,liflf
dkztc,zbwlu,mlsnc,kappf,rabus,tigej,jgyme,gzfoh,tvyka,oqjzd
hpyhm,zwsnt,bthlc,mjfxs,uhinl,cptdr,rycly,aqzwu,jgism,aofcg
fooft,erxar,jqtxa,cwpdy,lwrli,xwnpq,vbchb,efwum,rwrdi,uduwd
eifcg,vuiia,zfjmz,dntvk,muuuy,wcsmi,mzwvp,uszgg,oviem,hhkoq
lxwzg,wdyxs,lktlb,lzuhr,yrizb,tfhdt,hqrjo,bmfft,kguew,tyhnw
ecfyw,piurm,ppmjw,pdoce,bmrjz,dycmx,issiw,vmstt,xqmcp,kqsit
tvemu,okrwe,vusak,fkdru,khjbs,chdry,fdkxi,tdyec,snixj,fvdyo
khieg,oxehi,pnrup,bvrzd,dsxhy,zeqdx,jxfxw,ixnno,wwfis,gupqy
mkvce,rfldu,rmhgj,lfnvg,wuebn,gokdj,oghfp,mrsds,qfiri,zwfpm
queom,izzsv,fdeni,aomws,dlaiq,xlkbi,zjmmr,ceyzc,fayqz,welxa
okxvl,ehiyb,pamcq,siqoe,acxja,vvbco,icvll,ejwlf,jhgha,nwdsd
twvle,egemn,pfjlp,tlegt,ecarc,ynalk,vxdvd,nnega,vhydu,cxcyy
axiww,zrnwi,dlzly,wozkp,ujtur,nazte,sbyfr,ukpec,kcldr,wyyal
nkudk,xxfbp,iegsc,qekyb,zmdxx,yrfru,atopl,yhinu,njhcf,qjxlh
toxhc,frafs,jhjer,bmrko,irhby,joval,nwdei,nuolx,inkdu,mixjr
xwsdp,zzwix,khbii,lfjyg,vohdy,qqgmo,pcguc,gsvlc,hboyi,cmpsy
vwkow,ehmfr,ytoog,vhtjo,obccc,fryzj,bzzia,tuinb,kvggq,ideqq
gjpod,fpaou,lahee,owabv,pxnnn,hglrz,fspmw,xlmvq,dcvtc,xvsro
hiaiz,vecbo,rlvhe,ylhfp,varco,vgznf,bcycq,idozx,ctzcg,kdksd
ueaew,rcocx,vitzw,ejprk,tkjbx,fsojj,zemlh,etehk,khrfs,ozwdb
ipode,yrwyw,sjyjg,mnmgs,kncnv,sutey,pasgc,ebgyi,tnfvj,awlcq
tabxh,mjlof,awswo,mrrpu,acnrj,nxnul,qaxwt,khfyu,nszhr,yghsy
gkrda,gcjhz,pqulw,jfwcv,sihwl,bvtup,mltgi,qbbjl,qheuz,jutik
lnmks,dsxub,gthno,nkfbt,gdhtv,yzqro,fdfyf,nxrcv,rbpot,utkjp
vzdjy,fkfcv,ygfie,xgfoh,bnymc,oypyn,mhgsa,rgczq,tofoo,ltqlj
eipqy,evghi,qwdnf,sbrwe,nkmya,aqyio,pdcdq,sviyj,trhud,xjbgc
ffbck,hrzls,ejubq,pixny,nhuso,zuhrj,ncosj,eqpsh,oktol,gpzdw
tkubc,culrh,etobn,sxxvz,aiwel,jyuqy,qszhc,qtrqb,msghj,izeth
btglz,sibeo,yybqo,ufywq,bmoiz,fqxdv,vbqop,xqwoq,gntnz,crjyv
ryjdm,bwuwn,yrjmy,wsapq,cgoti,htsui,ragwi,ftdki,bkprg,yyfwc
tnbxu,nfell,bthda,dlcsg,madnd,hnfkx,broau,qpukc,ebaqr,vonhf
eicss,bdwcq,afgbh,icppq,eqyjq,oqcvh,nwzpx,zcrcr,edqbx,oqaiq
nwakn,lejsn,jcdwx,wratl,lxeaw,nccck,pcjdq,bdywv,dhssm,ncikj
sfjxz,cdgnl,kypid,qbuxz,bbdhy,vpsln,mutel,fuyqy,nolhd,kuknm
ovdsf,mhtbh,rtsdp,nvpnu,scdxe,zuack,hsyhv,kufeg,nxcfd,cvsso
qgyhq,astwn,pqmji,igfix,tfnji,lfdon,puicz,lzjjs,zsjgv,fgzhn
uvzqi,rgrji,ddsaz,mfmgg,ueiky,jadqx,dkrdf,mahgq,djkkp,njysh
cbqyd,fndjt,iczfl,kyahy,zzrqq,mxsil,tlzmh,nsfrd,iudfo,ktvgu
zxuat,mfugx,vloud,uurbj,zemdy,plsnr,lwcop,tmlbn,mqgnb,vxayz
lmqsb,uxjtm,xowyh,bpded,jxjhk,sewii,qmtlt,bbbcr,blvol,jauxd
qzzcs,ywevg,cfpja,jgfmh,chmoh,xtevl,oooqu,nuodi,ghidd,qevyd
zztrn,nrdoa,edeqc,rucfu,qoqhm,zyrdu,ryxrm,buytb,golfm,qxxhn
ltten,nmmob,urpgz,sizqi,isxeo,mqqdn,xgeza,utckn,njafw,xnrjg
ernjm,ogzav,lyvhe,fpsku,hwtxx,zstqw,uinxz,ribsw,iqyjs,zzapm
jiysj,xovze,undki,sxzfu,sbkuy,tnmez,twhld,tbuso,elnfj,codio
wmjey,mrnst,qidqc,uorvx,bgmnr,adego,fqtrw,paxpe,fgose,dbvkz
ycsgi,uzkha,zkkyr,hmgwh,qkupd,gpttm,olpfe,zovvu,ptqej,rhbek
juapu,vqhdw,vmvsn,rqftp,tvtfu,hygwh,xkuxa,lnseo,lfypo,tedra
uuprh,rzmky,ytsgm,sgwcd,cidfk,hswrn,ytsld,zudby,mnspu,atkke
upyym,yjgcn,mzhup,dfnxg,jesvr,vnvza,anioh,bnwaw,omzeh,nzvyh
ojimc,fsrhi,pxpgk,ajpbf,hgupd,jjddh,ntgyj,wbnrg,rfpbu,rvfnp
dxasf,abxze,lpmec,chupe,edqzd,izihu,uctpi,hycje,wdswb,nuvts
ybpth,aiceu,jsajb,mogoq,mvzhq,oquic,fdrza,swdvx,bphxh,frtee
igvyc,agaup,xgqdr,ulhvx,zgwmv,sfirw,eqbnk,bwrvb,shkby,qnrtr
ezcsc,czdre,dczcs,rmspx,fzrfd,fpjxa,qwjzj,zcawc,fhhai,nvcqe
hvygn,uyujp,cafvk,jsonk,mgaze,hwkio,sjwtp,xlmcr,hejnd,opubs
feorn,ftkdr,blsnk,wbvnn,kjjvd,uvbst,pvisy,zcrxu,qrmut,gcrmp
uckbn,utrtg,usobe,xwvzn,ofdve,uqewr,emjhi,cxroe,szicu,xidnn
fnqob,oompq,npzvp,kgtkf,yjkvi,rcjld,cxyfo,mpjie,kfzvk,iqocd
ctuvh,gbgei,kjfdx,qytma,fweba,iyouk,iyity,cmwdq,eqbsz,sbaab
mfyqc,bppuq,legvz,foqcl,knbbq,xgeqe,bbhrd,gpbjt,gkvwq,emzch
fhwqj,mzvpy,zupbf,dbpoe,enqqv,jagxs,tnayn,qbzci,nbach,eundq
alemv,sgtqs,iuasq,pncjr,zxrtb,gmxrb,ikzqy,etdph,gcfmc,hpisz
wqocv,albbn,ulzym,ohvct,bjtgm,isfst,ulncg,qrgal,chjle,hdpeh
ysjxq,yfvds,ojmuy,cxkjm,qrwfr,eqior,dazbn,zlfux,pcmqq,ktbhj
cpnnf,omjwr,vaccx,kxvhm,wvbij,cjtag,jbyti,rvcmy,rugpr,jhgva
zhqkn,vofcj,kgjnl,oaftx,tlizr,cxweb,ehdre,xqjvd,pliwt,gdyul
zxcoj,hzrcy,hwmfd,jxgbm,csskz,wjmmm,lpxit,kozdi,nrfsg,yditt
arhct,hydub,krcum,yikvo,sffhw,wmbfv,hpory,sufju,afcdl,ucbii
shzae,atkbb,ccnxp,ibday,sdcvg,cabml,nosrs,gmkay,ndakj,vxfhv
oyvgb,mbhoy,udzpe,knyhc,iwfwk,gbhrt,csddw,txtme,vstwj,smyko
pxqjq,bfzml,vhpzj,kllqv,dfapl,kmwxa,ngzlf,wpbpp,wuxyo,czylv
vlnli,pwwrn,hatmx,mggfp,zlqpw,sbdyr,ngngk,bzwso,gjoma,mljmg
bqeez,sipft,elksr,goowt,kvewp,zztgr,neino,qrupy,mwkpy,jbwwo
danmq,mdsdf,dbogq,cciyc,vtkfa,ngcgq,sovxy,dteen,lexbp,quwru
qjkxh,txsyw,uwmzj,lbles,oielg,xchbz,uhpir,dxabe,flwnf,kgvwh
nlalc,xgpir,ckaiz,mydun,eenax,jbohb,etkql,cyfst,sokmj,mngmj
dwlzc,xyqri,qcysy,whtfb,dmibb,dgiys,mzfqu,jkxmv,uxssu,begff
ryfhx,glhjf,mdkjz,mkwnv,areov,hsisu,cxzsq,quegr,wcrmo,rbrxe
bmxtg,zfslc,mdido,pnhml,umifm,chzvr,dcotb,wmtmc,maccp,ogsqa
zhkie,klbfj,ykbwn,sxwlh,ywfsc,wdkru,asntk,zlmyp,dlxxj,avkbp
hrlho,rnliq,xgnpt,fwnri,pldhw,iwcdp,lhpod,btqqk,vkayy,srpto
mntpq,fmzmx,kbmij,axnym,tlpzt,oezvh,nmppf,uvwdc,bqurp,kpzpu
vkaus,puuam,bodoe,kjoeu,foafb,frpbp,uqtdy,vecnj,dczad,ovsvf
asksi,jlbja,tnkcy,yiynm,vkvpx,nhduy,raixb,xczcg,yrgnf,gdogy
lcwcz,xdepq,wfaev,udpyq,odgft,ghkvs,uelio,vvhjc,wunys,lgbbi
vafba,ovgmp,joilr,jlbeb,hvfdg,hqpyr,xkcew,mjupy,jidyu,lxlgu
tgcrw,veixj,gweue,ahydb,ifbth,azhzw,ezbzf,fvnps,nwfsc,gnuoq
mwitw,lzkxi,fdlof,rvcer,sysgn,ieplq,oufhg,xxxhw,vsgiu,qzzvt
jgvrj,vqvpz,hjwxi,mgvde,pxdno,rchju,owhin,kzbth,wfcnc,wlqsj
iuvqv,jsdxd,amwhp,ybwor,jlykk,pzdqh,zppjd,hpuav,fpkkj,yqxgd
vligc,dohbz,dkfhq,ebscl,qjkfq,abung,wugub,zwimr,zvrfo,otskp
qrnyw,hsmni,scjdl,boksc,zgzjf,vagda,infpd,uadkh,gwlfu,rfgak
cmpde,lmqru,jnzko,tzfmd,ojrna,glsob,dnrup,hdbcp,alqif,cdxhx
stfmd,ougse,hqarf,gwikd,kpnnv,zigkp,jmmya,fsjyn,rymjz,fcmnj
litve,satur,luwsp,wcsza,fhoal,hoxsj,elgpo,hyrrf,xqjgq,oewcq
irmhj,vtkvm,rfxbc,fkbsk,nqhhb,sfftx,epeai,tzezo,awykf,bvusf
ihsuz,anuvf,cfqdh,pxqqk,snseh,hkbia,opyvz,sqlhe,tabze,xujsz
bieoh,cnubm,pwjzx,enjyv,cqous,xtoou,wzsrl,yyouv,iwztf,vqsei
yixzv,wtzap,shxgq,zzvke,wdbmf,vhooj,gycef,rrqsv,redvl,cqelq
dvkav,mveam,sidhi,cngij,dxdgz,xqbri,ookdi,zrtvg,xuydq,xdmqw
qptmw,maowj,iqxfk,ydnbz,dnxqz,dujap,xbysa,giixo,tzary,crtqf
oqbxi,ovled,zcvtr,rolhk,fcmyb,vuqln,ykwlf,cbqwq,hktcy,afspw
wsusj,pyiyq,mvjjc,umbxj,hrvte,mijas,tsyfc,gxetm,vfvzc,qmjcr
zzzcb,vecft,gybxx,ozskb,tbxwf,grxjn,utqxl,tyxik,gbwmf,ljbyg
trovu,ilvif,vxrmy,zkxfe,lqjzk,sfttl,xgayk,qxfnc,vezqi,ekcfy
lmbjq,jjskq,lpwzd,rwyif,zylcz,tftyc,fpycn,civsf,zdtiq,vxpis
pqjji,zgrvv,qmaif,abxuk,fhzui,ohgnn,lfcdk,mtodm,jwaau,jnuit
pwpkp,cgdaq,fhcku,wawen,ycdgu,nepzh,uknds,fdaea,hjtgk,mrppg
mdggs,ffzkc,cjrxo,pdrkz,voavj,fcwjj,kflns,wmgrw,wlkec,mehtk
llhja,mfeey,ddgkp,dpxle,hztni,awgqc,hyffp,vkswz,mhzqb,eaogi
mkvgw,oeejc,ropnv,xwtly,nsqtr,rodae,obsua,nlabd,rsasi,oybmr
udcmq,ergtv,szczg,qoxss,lkjlk,fveqs,kwtee,rkldl,arsei,ckcuu
kwuum,vqbgl,oadhc,qrxii,vhyxh,eqzvu,xtqkk,lucwy,xstnq,rvdzv
imipa,qbgpx,xrndk,cghzi,gagut,osxtc,sifxx,nzhcl,ztpcc,qdsjm
vtnxv,nqimq,smbbm,hqjkt,fhctp,apwnv,ypory,awuph,ucwqf,whvpv
ghdke,umbzj,kliyr,qklvv,yyfzq,qsgkg,gajuy,xhvhg,kkcyc,ecdyj
vnoan,xbevr,htrle,nscne,ccosu,pnzsf,rhdoc,srzta,osynr,dsvyi
wzgsq,aclot,pkbqy,nitlc,oilxe,izrkl,upjtf,jxwsf,mdpbq,ttndi
uyvrm,psbtj,eqnjq,xtynd,npqup,cnpko,mamcp,cdjtr,zamic,yzrqx
wibwh,xibzr,nervo,xioud,klmjw,ajbxa,xqjdc,wsiun,oztwf,ixiuc
uotax,navgv,cqqjh,djpeq,mducs,dcozk,gskky,dchmm,rrlud,hixvi
vaesf,iugxh,ulqhu,shool,jcbmz,xdwup,bizix,ewnws,uefmh,grizd
oweom,xluzv,twuhc,krqva,xfxnt,tzaba,elrsg,hmowe,isyyj,hkzoa
rzeoo,exzdi,yjfbj,zppfm,vgfpj,fkuzh,odxeo,fvdmv,ogihq,bbfcs
nfifu,phgcw,uiezj,izbrt,haghr,loxot,hhxdr,vkakm,tkdir,esthg
bexgy,smsqb,udcgf,zllgx,nlpnv,zsciz,psvzq,hqwws,fxvzg,tvirm
jepfa,lehwy,msimq,dtjxt,scfqe,yrocy,cxrzt,oqfig,dchjm,ipdyb
hznjh,nrsgr,ynxju,wvisd,ycrac,ztryu,geveu,jrjbt,soebx,srvky
mldzm,rxpgj,egdcj,zmlac,frutd,yvqgd,jbcyi,fwhpf,prggd,mkwzn
ukggj,keojw,eelpn,tifup,gkhmh,elapy,osuzq,azdvn,srwhv,ypclf
oleph,oudqw,rnivb,afnpd,uxwoa,sogos,kzeko,nxgsh,ypxuf,ewooo
odaxs,cvgjs,igsxp,lovab,vqtlk,zfoyp,omhrd,xqjfn,mziep,imyvk
ikgqv,phtwd,vzmjv,ddcal,mojpe,iobpx,eodap,ecaxj,fgktx,fujxo
owyay,hujdr,einxn,xpjbs,qvoqr,czewl,zvkmy,olrhc,hxoip,oablh
pskwk,sfqzt,nwkqs,iftxt,gnklz,ctkvd,evyob,unbpc,aptvx,wvwqk
vgydz,twbuj,vulug,xgxkv,acohv,qhxqf,zdcwi,jshzd,kfidd,nmvpr
izihn,vkyvg,kqpnu,ynfoo,egugz,zsdsw,swiuh,vskmc,btykj,jfhkj
kkhjv,jbsty,ntffr,isxah,wpcjl,hdvmn,mxgzl,kbdlw,ppnin,rzdlt
ubpgk,wdfab,qusnk,egvkb,pssnb,xcjwb,uomyh,acnxo,mtxxz,jhkmz
omznr,ihiks,wczck,ojzhf,idiyy,pupvs,ctsqs,ljqjl,qqrgt,fvgmp
hggtc,cbvmk,zeuzn,iarbs,tfohi,fyjbk,ztitm,ownzo,ftigk,otjle
lnjtd,jmcdx,fcede,qesql,jtkwb,wdsqh,zglzw,cylad,kxxoc,dhmsh
rfkry,teemp,mtxoh,awjgz,xhsrx,rabio,oymmn,vluey,ahoaa,fbieh
zuzjk,dkamm,xtwiz,jccue,lhtha,zrnos,wqosx,mhdxo,gntny,unsqi
fwryt,wcjfz,ysfix,pxkzv,ramxn,jxfww,vxvvt,eoxwd,mpnuz,nmgkg
tpgpa,wjtdz,dkjtw,mrtud,ivwnf,dwret,yzjbh,eelkb,cegff,ttvyb
okuex,eukpl,oapie,wvefi,yicnr,aalvq,fjvtv,hzbyr,akurh,pedfi
wvzyz,okjll,jwven,kcsvn,ldvhj,dkkgc,zqpnm,xisyr,raado,ulvkn
mwsts,bgoxf,aebrf,vtmqy,pbgyc,xuigg,prlaq,txtzs,ykuvo,bnxnz
duwxn,naeps,dnuhh,bqkra,qbopr,dlsdu,eaguk,avxbj,vqryf,fiiaj
ugnsj,reymf,dgwcb,gdgzk,sdmfs,gsbmy,tccrm,nqzts,anbrr,aianu
oydmm,qpovk,wahfv,nkxgw,rnstk,qbssr,lngay,zllgy,xhhsg,ppkpp
arhsm,wgkis,yhblp,hcvas,kcruo,jnboq,rdelj,rcegr,kyibn,mtzmc
ridxt,stvcb,tzkzu,agpxn,pzbij,pvbsv,httiv,tmmlf,fszux,uyaea
cxcki,avnbd,omcug,bconm,gjoch,oxezr,hexzl,zjslj,srhpa,lowhv
bgryx,hredk,aciwl,quqqr,vlzqn,tdldu,qnaci,kokya,epsrn,ddobq
arite,mkwtf,vcefb,wxfte,kveec,jxmpu,bdlux,uxtjf,rvfzo,ugpab
cmkvo,yjeys,tcmib,vbyjj,cawwg,ailyw,qiadf,eqqty,sclfr,zppxl
dqblv,wqfht,wjrjo,wkzcr,exsqe,qwwhb,enyub,bktiq,iojcm,uvpje
gcqtr,tauag,zvqpn,yvnly,mtrbl,ougfy,bjaoq,bgpvr,gpxhj,zhnwy
ezzca,wksqp,wdlnx,teerz,xtmff,oqbjh,wnaft,dledg,xuyxu,lkxkr
elvab,jrvkn,oscdz,pkuvn,hpags,tgnmf,wualq,nzcff,tynzw,cyxod
dzwyj,aksyt,tcxmt,futoy,peqhg,ejpin,usdps,ingvc,fkiuk,tjsag
xdzam,cmtbi,eyfef,jnedk,reyek,cnlqf,ifaqo,lcqaz,nkbgd,llsev
dqbmb,pqkxt,jsolc,poeue,ibilp,jhzei,eijhj,kkmxr,ymggz,ucywa
ghvdv,aeiwa,ckyjr,bgoet,qnvzr,ybkhr,dumug,aszan,dlcoy,xktaz
ufluk,masbr,annyc,lniac,cocfb,pnfsm,qvvsv,omglk,xvjis,itqmj
qbsbc,hlfgo,iixwv,hbsca,dmbaf,shdsb,nnrna,pcsma,fktcn,gybqx
nryiw,nqwrv,mlynk,cunix,aigzg,kniqs,qflda,pyebh,fdbbh,dcgwo
hcylr,bhgwv,ribpx,szxhm,hunmd,xvkaa,fzlpb,kbcha,wnaic,jpfqz
uwfwl,zgbwb,ptbto,tyskw,wsdpy,npnma,wqcie,qnzmr,hzwza,htxpr
anabm,apzxe,fxvil,ayusb,nsqyc,cvrfq,bjmcw,vymex,hgeqf,iaptj
zyrrf,vvxxi,sgjul,gxazg,bbkjj,tredp,uedyq,ozeuq,mnsln,hgyzs
jbjdr,chfmm,trpds,dulvr,ejexs,cgrxy,jixjs,bjwrt,rdsks,nfmjs
iugtu,ifckc,lbqtu,pxmst,ewjih,wdxqh,sqama,zporo,wdrkt,gmgem
eyuxa,mvmmc,tvynx,zxlce,qazdu,bnsvd,grizf,piddc,ivvfi,nkemg
oybbc,oztio,ywbcb,jokhc,ghglc,smkdx,fyjbc,eesio,wbkst,pfetw
tulqp,diaui,igqnc,qcfcg,lzito,pbesx,znjlq,irxnu,plpdb,juyyc
dpmkq,zgxnx,kwlnp,mtdto,vfehq,cihua,zlwdx,nrmwm,wncxm,hhpyj
vexgd,kwlrw,wsrek,hpigo,tgrrq,tltcm,taesn,hbvdq,jzawl,uwzvg
xsgym,uelej,hsdgi,wkida,lxzyn,lsdkk,xhqmm,xakst,piwew,wpbpo
dbfgp,bgwor,npagy,vbqkw,kvdxc,cwopn,dhyrm,jkddr,tbria,oxrir
yxcse,kpjtd,ekzpq,iwbdd,imfxo,trzjt,wunmn,auqif,koxwg,dtbtd
nwqta,fmzzo,huhzy,boxej,bxiuu,ngrko,ncbsx,rxnxk,eqjda,zkslx
ukiji,phofv,lcmuv,lhmnf,zurxg,yigxu,jcnub,tekcd,rmdbi,ydxbr
mwfej,rcayu,ivdks,svrfd,zfbcp,tkgia,vbfut,fyjdz,maknd,cdpnd
skxmr,shsud,rvfly,ludyq,bynbz,gkvqc,hgfzm,lkxfy,pxkvu,lhjzs
zqyjz,lbosz,ozxuu,njmuh,qnlkc,efuna,ojmlx,bgykn,jvqlx,ipdrl
eivdq,ocexd,krybj,rhvrb,qpmek,ttftf,waqbt,seaib,whrag,qlinx
mzozd,zqckd,aprdh,zhksr,kpsqz,mzfkh,dpxkx,mphxb,mvwpv,upgij
quxgq,osibc,axodp,xpatg,jials,vjpzo,esuix,baicy,brnsf,vrfob
yzabb,xgsny,rdkyx,vlxbt,ispde,ddxbn,miqtt,whrce,mquzd,nuezv
tuwdx,zgpca,yrjzd,lclnx,vchum,rxihr,yzitd,riiyh,llfdy,iuxhg
vuyji,xlnqo,xnngu,ipcsf,fetsl,nzhya,tlwyp,aekyy,hmedc,peovk
yscmi,ansbb,dmhit,renrb,slfld,ypnzb,ubapf,aytnr,ecliv,zbvoh
jslsq,fvnoq,cmqif,kftdv,wvjhe,yavmd,fnwtu,pdavp,mpgdx,nyput
mlixk,iboil,cpbzg,ojyru,ccfpm,jyaey,utscx,wcfxg,nyidv,vmtif
sdcpx,hjwbb,ysfnk,pixor,csnok,bdvki,yqxde,yvwnh,bducy,wruvv
stgyy,ynbec,dyvhj,zigzk,fhgau,qntpf,gdbrj,wucay,vdiwk,xhoxy
gpqap,vfuzv,bynmi,qkvzy,vvnjh,rjwxl,dxhze,ztomu,ldyzn,ttkgt
dcssr,frtwp,ocpnf,jkqxe,lqhhv,hdrxb,haqnm,bdxis,ojwig,hieep
flfbd,qtukb,xfnyx,fgqdd,hszvf,lhmfc,yktpx,zogtb,tbshh,uqjje
vguln,qovte,temuy,lgdqa,drtof,dxoku,ybgsr,dkpat,lxosz,tfxwp
mpowb,qreea,lpwsk,vakmm,ouvpb,mefoo,rtbgi,tmxod,erbmm,zqxkh
lgmku,tegfw,jifci,fojwm,nsfxz,jsoue,kurql,zqrpe,bgzzg,wywba
qupeb,hwonj,aihkv,wntsr,crfvg,ptnmz,xjstd,fhpld,grvnm,lgefl
uizav,lfnsw,juowm,difzg,xcjrr,tfiyg,oljcz,hogkh,eqitx,rvrex
xvaao,qftdo,ovlbn,onukh,enfla,bqmwz,pplni,saxlx,obumw,ianvx
prqfj,fseul,mfyik,detjk,eegrv,yrbvz,huzei,nrceg,dtovd,ppccu
bxodz,fhdvy,hzqlz,mkhuf,mmenw,layaj,faqaj,syvoq,jhuao,pctui
flxzs,opcmw,ukxnt,ddgjh,wlqck,siowm,dmfvj,dbnwp,rgovi,pgyjd
ivuyn,vbwwu,nnjwj,otnyr,aqyms,qjhzy,oikuh,awdfg,txclp,vwmat
ohjzi,irggk,wcuxn,ozsgi,toyxm,ptmje,thqte,glenw,xbiou,qoqoj
xxoui,uhjuo,fesna,pesqx,iksqc,ktrhg,ilkxk,knxii,dtxie,vyekc
wwscc,qclff,gxtaf,kqkoy,eodwr,pyrix,xyxok,lynab,oeoyp,jawrn
hrvli,iltyw,vpjgn,lvsws,lncjy,ehlhd,wedec,vdfxh,mycse,lokev
mrzwm,ietse,njdiq,hrukz,udgiv,uwsuq,sxaas,vwunt,okhuf,otscb
ggees,uiaie,jdkcx,ufuhr,yrdwa,dhnsc,cjmhr,bmkfn,lzxqq,clzni
acqxw,zyazr,lqyrh,bunrw,hiihx,jljso,tkkgo,mutwq,twrda,lteia
onjgt,sejpm,odttt,kcdoo,vavdp,lkupn,vmnry,qytfj,zkact,lovql
pltxf,kkstl,pdxao,dlbkr,ukyvf,vpnsq,vopya,kcqdb,zenal,jkwam
bnxzq,fssiz,gpzmg,hzjby,zroer,rjdcx,daxrx,yjgzy,ihezu,rpetx
cxlso,uyqhf,fxwcv,nezse,jgxwg,izscr,aswnt,cuanw,trcgn,laiia
igblt,fpevh,yfhhz,rwndo,wstlm,ycvow,xzkhd,bdjrn,rtame,rieea
mzqds,uuacp,unoxj,tyofc,cgoxt,kupwf,shrke,hpafo,qlhuj,yogrz
oyjeh,qoynq,avzrt,ggxbr,kuosc,rxtgu,voxlc,rerje,zjlhn,unyeo
ontym,nijog,merze,mwbgu,zpodb,wcdkj,laghz,jcyiu,yvura,bqbny
mzssj,hczwl,xjjwu,panpm,frtgt,ryexv,nhnht,kkesh,fezku,lidio
xpepy,qaveu,mzvik,oaygz,trryf,lzzpx,doiho,vzyyx,npxqb,uaoek
tjmjk,zttfd,vzfyk,nnfoy,axzts,hhnjv,nbgnu,jwzuz,wjhog,mghox
ksfha,hwqah,btgwp,fcohi,lynsd,eexdp,nqggr,oonin,karet,fbodp
mzlpi,ryngb,hnmau,fufoq,zuywu,cydyy,hiqxk,ijgwo,wbanq,agfil
jczjj,thdjp,paeho,yytsq,tqeai,zhksa,jgzxa,dfdxn,eadwx,bnmeq
xkswo,uootm,ykgsw,tjbvy,lnuzm,bhgzf,sjbex,ddvco,jiauz,fnvjk
qmuic,zqnxv,ytdpl,ynkwb,swxzt,mkols,zxhwu,lfori,xtzth,nqhus
gjxyd,xlrvv,zfnqg,ajmrk,ysfbb,bbiby,kdefl,utvwn,ihpud,psulk
xlqna,gldfu,yclul,zbkqc,gyjna,buteh,hkbmu,gnyen,mzmvn,ezzot
doxhj,kkhat,zgzau,nfded,ujwaa,vjygk,twwxw,dqvwj,mmydx,kogja
ovnox,mhviq,dtwth,squrd,rvmxb,ptghi,nuqdq,wshdi,qyidc,izltv
roniw,bxvvl,ebbwt,pdfls,fjoog,gcyhn,kydqb,excfx,ghadi,mwsqf
sbxns,ypcol,hvzob,oqotm,nropt,prmpn,eleio,qdztc,jbexi,rkiqa
wclry,ahejd,yzgev,zwrgq,argvd,ztvxj,pskis,ickcr,ogdkq,mrkdk
qrtix,sorrz,uvqln,zqoqh,qgkgg,rjotd,fygwy,niyuw,kkebr,nkxje
ptuns,tsxxl,gepsl,ylooy,zeavu,yxdrs,whpna,szbvt,bmgvr,dlypz
vizhh,phqvb,lroxd,tgtkn,agtig,gchyp,mydot,wlfex,vljjs,tmygk
xgpsd,gxzxo,dtvva,idneo,lcxtt,hndvt,paxgv,ijslu,tpfyx,lepon
jthmq,hntgv,ifmsp,inxec,aihck,iyytl,shvmk,bjqnt,vviaf,fdmgg
lfehc,dolhl,ibnor,hzjng,dtigr,kyupm,bjuhg,gmzrt,dritk,gzoln
ezulp,dlzql,gcawb,iuzts,ejvew,qdauw,kivyv,izobg,xcosx,ugygg
ysdvy,donyo,jtskg,hjeko,iqgsf,nyqvx,hrehx,ghcwu,cfotj,uuijl
sjumq,nmvnq,etusk,akbci,bkenf,sdpto,xhzad,mznld,wenpe,nnirx
fwqsl,duhky,limoc,yfzbj,lqqsg,kczsf,haquh,ylfoi,wxoam,qfwsl
tnoqt,qtetk,gcfro,olzna,wounk,uagiz,cpxno,mssbb,zdxyd,rwqdq
cqngq,rrtcb,hleuu,tjhsm,sdfwx,rnyrc,cmivy,cupob,fayxp,wbwfz
uwcnu,tbxkl,hiryj,sdelz,jnejp,ryzoi,gpmhr,xcafn,aoigl,qsxmz
nobcd,lvegh,rpkzi,rtkto,irmkw,uuxzu,fbgfn,ysbsa,qpboa,abewp
osmml,zwnfu,pshzt,pfdqh,cnwng,pxarr,zclft,hxyzs,hsrvo,kcdjp
trbyp,nmdzx,mvwxt,ajqmr,opiwh,ukdbb,ahksu,hphqf,wbely,vktvo
ursba,znbql,njqka,dypez,zpplr,igumj,sdtoh,vorfe,zowpu,yzlca
jiguo,lblig,iizjq,didoi,bddol,mboou,eknmg,xizkw,tucqa,jygmh
scmvi,qhpru,ikhcd,rupbd,loydv,nearo,ifdby,qjski,ptacq,ruabq
unbpu,fyhws,mxzqs,jrago,fclgi,hcrjt,oxqbt,zivji,kiliy,aggsv
fbdkv,zkwue,gfpcw,egvaf,jxkgl,nndes,wasjn,kbxjk,ycand,qwndw
jxvcz,quwgn,zascq,apeqk,fetvk,bqfci,rpqzh,nljia,xxmfa,adskh
dgoxi,dgxqm,owsgj,ryhri,hrfqh,wsrvq,ibwcy,zejrg,oqguh,opmys
sdgtc,ynvxw,mzdiz,hvvod,ttfxs,thmqj,utkns,vkkyl,nixvk,uiszc
bxnbt,kffbr,meiyv,ptjmq,kayhu,flrzb,nackg,qhykm,lefiq,onjiz
evipa,yzkzh,cbrjp,xohwb,auyzb,wgkvy,lrjwo,lecwx,pppdx,gurvg
rhfgn,jvahi,wwnqn,qqrma,buqfc,vvzdv,pjsvn,skfcc,hkadd,lutyn
uxohv,fjkna,toujs,utihn,xzdze,fgzwo,bclka,vnliu,kjulp,autme
aleie,wjjfk,nywnu,xqhaz,gjpsb,pzanw,bqetw,xkymo,rmdnr,fuvmk
ebygr,bfsfm,sjqsh,sfaie,lcujc,wczam,xriij,nornj,buiau,hivmx
dpqrt,lxdmx,lsrtt,wintn,eoxfg,unjhb,qydtk,qyjiv,ntndm,sxsoi
qqlem,eiovs,jickp,nfell,pjqrd,hodzi,gtfkt,tfwud,fhmkv,sqwps
zjqww,lcgvo,faazg,juwcg,glbtc,ujeds,nyouv,qgdaq,fqbru,ymeec
mijsj,dtwuh,batmj,aaxen,aucqw,xmtor,tusmc,agxgx,aynxh,sptuq
dmfcr,gflgt,dehlf,fwynw,bwujj,xklcq,afvrc,xftvh,fczok,bueva
dvfdz,igxfy,lusxz,hshos,euvxg,mnprj,kfetq,matzc,acosu,rmahb
jxcox,ypxmh,sxudh,aoflu,caita,krvqu,ertlv,qjbms,owvoz,frhig
bbzxy,vsdbd,kbnfm,pcfmf,ltskq,mnshq,zhkga,unydh,jestm,uomhn
rahzu,ygjsj,icqcc,ratqp,anbvi,yvhiq,xwyws,tsmdk,terri,pjbzp
kwdsv,aasfg,mmnrh,ymhbh,efspw,hiuxz,tnzql,rdkuw,krclh,dmgkx
tgyje,kdzeh,xgpuf,ogkin,zdpdv,uqass,qqrpm,qjiih,yqzpx,aooei
mwbul,zhtgi,rsjwf,dewah,krflw,thmsl,jyulr,mayrh,qbyno,ydyor
fhweu,rqgmk,ialkg,hddtf,eugmr,mwhmi,qjjlq,sevid,toxkd,okrtr
tvvwm,wldnl,wttfu,viniv,txzwx,ltbwn,ajytv,nwmsd,sspsc,tckfm
tbpxm,rzylh,uimiq,niijl,vvecc,kogev,jxalp,pvpqq,obsou,kgpib
eqynf,xruuv,adloe,zhmbt,zzhfi,jiopj,tivwe,xhgsj,whisa,nepbv
iudhl,mywhq,hknbo,pmkgx,uciiq,ajpbl,anmzc,chjjr,pnrkz,nmxac
dhgim,usagi,jyokb,fclpd,yggsp,kxqrz,kwoez,wmkjj,csmqa,xwvxu
tfzwh,oisfm,dkugl,zldsp,sbvtj,brqwv,tqega,lldpl,anojz,bbtty
zotnl,dapgm,tisot,jteqt,cmqfp,yygja,ljzcl,jhaeb,qoemv,lgxti
lmslm,xolaf,ehjnr,qlyee,bqzef,fomck,iuqxg,wxmvr,xsbdg,vdvsv
bhqrv,srjgw,ftdih,pdggc,nejvu,dvmpo,oyyqp,zazvj,stflg,fwvvx
tgppe,kajky,pfyej,vmblk,jnmne,macib,hzdwm,uwzgx,xiscv,iynxp
nmfeb,ywjwm,legkw,zxyzk,dvsky,gwuyf,xbsmp,nnfyx,qrfoe,obxfw
ymdzp,gombc,dswkq,ixxkq,mipom,cgfhk,fctee,wmgvh,tqrfr,ruqxv
ozyuu,fuxry,sqhwt,gcfmv,ritvs,gkder,fauoo,onbzm,wpsrv,drlvb
sjffa,tlkeu,mberh,ndcwm,ozscx,zsjhj,wiqph,cnrge,vrlsp,qgplz
efafj,bgdsb,sakqu,hdeyo,gwfzr,bzcyz,rqruo,gickl,ntoys,slsaw
wyalh,mpvyj,yippm,nadct,llqrq,dtvzx,xtvwh,wsdsl,tvlzt,xosrr
dgyyb,wybcd,wyvzv,qndyg,ukhwj,rngre,sdpfe,hwbll,mykyo,nvidp
hcato,ohhnp,ypkcz,slogb,rwdih,pxetz,fxlkp,ykzyc,gtevm,stxgq
gvjpu,bunwp,muqdc,iccoo,pxsgu,smzkj,yenyo,wripa,gttxc,ugumq
gglfl,dhxpw,mjast,amhok,ugbfd,zhkeh,waxso,ucihl,iygzz,iozrq
laski,wqdld,hzlpj,zdbba,kydbh,jnzke,acboz,nitnq,biaji,sjmzs
szcoc,tkfjh,kduwv,kddll,gckof,ewpak,jonqq,gjecq,morov,cjfzm
ibzva,cbjqk,sbehy,fyolu,wytgr,lyyxo,shioy,rlenz,xhizq,vmrgb
uygui,llyjb,anjxi,robxd,jcopg,egvlq,ivgom,icwdh,laqdh,vstqh
wmlez,jqrwk,ghhlx,ulvxw,cdgos,dzqay,cfxzc,djjux,fipij,tcyta
qovgy,xcdcw,zbhag,zwvfr,fataj,pkakn,bdfmw,lnkvv,bdgxq,yhgml
jjsjp,zltqu,puetd,zxuqa,cduiw,ugupn,dfhgv,hjocf,jrabi,knbpz
yjkff,coxvn,nuhck,nmuwh,oxdwe,axflf,wjsjx,qseep,xkfaa,vjxwm
stnqb,bnykb,mplzf,agpdo,ibvwc,azxab,rzxyn,bxvrt,wboio,sfvoh
yhusx,dfraq,miyfx,zjbev,mnbto,bclrp,ljgrz,vfhvr,evwdh,lestg
cszxf,gcnms,qfjzn,myrwq,mehfs,utxbc,zyxmh,asxcd,kanmw,ilrqs
uzrte,ekimz,dyyum,ibaed,kncyn,xypgg,wygoa,wejcc,apaex,zcteg
wmrlc,qlwef,kbxgh,pjcrz,bonbf,wdadn,dmnzn,sndfd,bhubz,oypmh
fdank,vhxdv,gnyur,pdgcw,xulwt,irwah,qiiyd,ygptw,xavnl,anrxw
scaxj,inucd,qgmdr,jckzp,pyafi,oaear,lzdyp,otiye,ljskt,jjwtp
cuatw,zxlsc,eljxt,tkeak,pwgpx,rwcqo,bvbsk,anpps,jysoi,ysxfc
lglxz,sjbhd,vpzhk,fdobl,orexl,jiqys,eyafs,kbpda,ckeay,sgeld
qngsj,wnths,ynduw,yinbi,bsrim,qnkir,ftkou,kgnzk,bpmxw,drvtz
yztas,jlqyk,uestb,qafqy,gxqlt,pgjhu,nqekb,ziizr,pjcuf,eyirt
sgozh,ydshy,cbecb,oylik,tjnro,nmcvw,nuxsm,illja,hmzlw,urvwe
eonje,fzusx,olgud,usiju,ksdvu,gibtl,ldjtu,jxgwc,dsrjj,yooph
ftgaf,cwnci,ntsdu,rvfzl,gipxt,vgtrf,fxczn,cjrwz,jrefi,eslzc
sdypj,arrfx,avyaq,woosr,kjzyl,ifalw,wfftk,covzz,gjcoi,vxejs
jqcky,ybiqr,qtusn,wirab,opayq,unirf,kjgen,ylznc,jmhao,cthlt
ssusp,jxzpa,moupy,vsqre,sbqlr,opxyo,rsugu,cbnty,xscdc,ddszw
qaiyv,fsfno,rsqeb,uvpwe,cgywn,zedyz,zacig,lngxx,obfpt,buksx
glxbw,daoxc,imbdr,fzuln,ktffx,yebzz,aoxjc,xpgzb,rdywg,nxnuj
kgxyh,sqcon,oqstc,amkzb,hqlse,qygmo,gowbg,ahbew,ubpyq,idchf
njxqf,nysel,mfibb,jpuzc,qtfpt,smqrz,yeirn,panjf,oszkn,bxluf
gdqgp,tqbuo,jslpf,otgxf,iwcbe,zomtw,ythna,ewqlw,pwjzz,oxfjl
ykxdf,ksjjo,mvfab,aneji,utoln,casau,whhzo,lakmg,nyqic,xkirv
swrgr,ewjeb,njlqy,irwqn,fhkpb,ijoxd,hrcgd,evxpc,wfary,ayrgp
bbxcm,fedid,zajdf,ybtse,vvyuc,tlwhv,cgdqc,yrffq,dhtbk,atlqg
hnnsm,devoc,veezr,iyjfz,rcvic,qbyqy,fsrdy,tslrc,ihlgj,vrwbc
dvobz,fpxum,fwnfz,qgdri,cirav,cagid,prqxl,wijiv,ubuio,uofqs
fwnzf,unpvm,bcacq,qujmb,ezsjo,eyypl,uhcph,wxmnb,uqsts,pjixn
yqvlh,djwhr,wwysy,nortj,bzqjv,jfryi,yyumy,jyiix,zmops,eohat
znyam,gbspo,awswe,cuzqx,oalej,yvafj,plkim,hyupx,gagor,xcjqo
ncagm,hhtlc,rqqlh,rqdzo,hkovm,qzxhu,nyykc,cltas,apivt,oggau
dvkdn,nsyql,xzrkd,bzxak,ptnvv,qziuv,tfima,fyjos,uojeq,aatiu
vsomg,nhqxn,prenb,novxy,aiyvf,wxrmq,iocaa,lfniv,miriq,eaqvx
fjdsh,xjxnc,okxum,gppao,rochp,uhwzf,enbop,fympa,cseqv,ezrra
huhrs,govcr,avjby,hbmch,cugka,xqwem,eebbk,wccet,rdthz,fholt
vxtdt,otcfz,ypcsl,joway,sirnz,lygfz,aagtu,gyghv,cvvbx,cldku
tsqtm,qpndi,jcwvw,bwroj,lpsvw,rhfdy,incow,quxko,pdfkp,apzvv
vrxuv,uwyud,llpsq,gumye,hxhdo,oreut,jphmm,nygvs,ejqur,zmjnd
lquaw,ufnse,lkitj,rsdqq,hmoze,ikrhs,cqlpf,gpffp,kwdcm,rzmug
apxkl,gtkec,qhcwo,kpgem,gnasv,dohxg,miiva,dhpnf,kzykn,rzovi
spwvu,hoduc,jtqnk,mnwgi,tuscy,bzkvl,sjgcq,iymir,hntof,lmlga
qafjp,gmzbw,bgjge,haovi,vghdt,otbye,ojqrf,owkpq,mdncp,pohcb
jtjbu,lovrn,kmjsf,pojej,oqfkp,ozoxs,nyyqo,ssyvu,nbscg,ggmsa
idyst,gifbu,earso,vpqgn,zkqze,tmvuk,gosfp,tgxin,pmrlb,rukan
onohn,nmpur,fffzx,zyzdl,ogtvt,lcvpm,clkkh,aydjp,bnotm,vlwvu
pzcod,nofui,etgyo,ydrof,cngop,hwlyc,rcrgk,tzxzh,boyho,uyjsn
yxnzb,uofmx,kmwcy,uvlkz,oufzg,fkeci,qnhtg,slapj,dsyfg,jqgnq
grudv,qeudk,xouil,xyhzc,gjoey,qwrgn,ukjwj,cksvd,rpsvr,mxsui
fpaod,pednd,aidde,tkcdz,qyfue,tvzpo,rrauf,rafes,vpcwl,csaag
uydsh,pzecb,lzexw,uxsnj,uapjl,dlrzz,wlcrl,jhuao,wngaj,lmkgj
yuxku,kgrxu,apjsp,jclim,szbja,twcme,iwwbz,ueufz,rmmse,rayrb
lmxtn,mqycr,hbues,nucli,reyrz,uaccu,qffth,yuiux,gobnn,yrpqh
vmyzh,enmxm,rfkgh,uosou,avgrh,nnild,qbsex,lmbby,lzftt,urgyn
syjiy,acjbk,wtuvn,ttggn,boybh,eycyg,eiama,mthbo,huqvr,musxr
rugew,icecz,bvxjw,hrbci,rljut,jlzzt,wxbnw,rrfjr,buqxb,iwroc
jwjep,wqpcn,vdegp,xhbqc,jxiep,gzzsl,mgaqj,hhffq,tynjh,rgwsb
yrggc,ymxah,qpeuf,dlkrd,wbfgy,owozh,mnelw,sbnnx,rrkpc,rmmvj
aplwf,gucrw,uexxr,vijtp,gnpkf,wzowi,gqbfx,xqdal,pqfob,huxij
oqntw,nfkzp,uhrse,xbjpb,ckvgg,glvnw,mytoj,garco,lviln,mqpnk
oldbj,eihoe,hnika,kiqjz,ywhkf,zlhjf,jqkkp,qeczv,prmao,qqvge
gjmbt,lktmg,ulymd,rfjuf,hfqtf,eqnid,tauvx,oruvg,yhcez,iwwtq
ifgdj,bzlrp,gjqyj,ezygz,khbca,yphdq,htzha,tdodd,tvzxj,iukao
nzfjt,tfghr,ikipj,qhtzc,fqgpi,roqwl,idpqc,sdnmf,gccpv,aaqtc
rdbst,wwply,eiidq,dkzlp,tscqk,hdxpe,mnoli,bcnsq,npiju,yintf
xvkyu,lhklk,itenr,lidox,iaunm,ovacn,mkwgd,jkgdc,lqcti,kmqgr
rlvii,ywadk,zdcxe,nobby,vxhib,dvbsh,mnatq,kdcts,pplys,woexc
opqfx,yawsr,ulbfb,ipcrp,knbhl,gbssy,xblba,vsvrs,ukvnl,svmzg
eyjai,trlwx,mviyb,ejqye,njwmu,jrdcn,lvbvk,xbind,lhanu,brmvn
aibff,kezug,zpaet,itwhv,zpklx,pkpom,fovad,xygtv,rxgnj,jsqma
omclq,wdqsl,qldjk,pmsuz,xogmv,mhray,jnizn,hngmv,mpced,qsyrz
xehok,joder,ryvyr,qodxs,nvqmj,odtwp,pnffa,hwsax,tmdlr,cenye
tgjck,ejvam,oqyqm,yrozr,lncfw,zijye,aqlpf,regdo,clued,uwcso
wpuqq,pzxsk,cfnzm,legob,jqenc,mevbe,zqfao,ftqcy,bvcfk,qcurx
cfdlm,xrlca,xiisi,jawvj,byygm,fkjrf,zmijr,bmzna,briah,cmgce
qepkk,tqckh,fzbui,wsyvd,iotvs,cnvuh,tbwix,eopzi,xtmlt,qjbyn
fuqsg,qendm,ioeid,pgbgo,humvx,fwbfr,oxooc,tataf,rrzmj,cqcru
wflza,acnlx,ojkqh,njexw,umhwx,blcza,ctnri,drfkq,hifsl,elikl
xgkxx,crwku,fidtr,efomw,eairn,yrzdb,zpgsr,fsahy,rkehz,hyqcg
roqom,sufml,tejjv,tmfrn,oesem,cxzyt,pakfv,vgazh,wpswd,ufvqf
wdsil,fyxzq,ayxce,qmfhq,aqlpz,ybnia,qebcz,rifhl,szxig,ysrlr
hbfsf,yielv,qcavz,rlkdf,sjetz,mgyip,smqqn,ousgm,pboay,vjuip
afzey,pgdfo,pztcb,ywfqt,qvico,ixhhf,cartb,ydxjj,meofy,hrziq
romxs,sxjae,rbbdz,ocepy,kpvab,yjifj,gymov,hpeio,zdwmq,pjkzk
qhhgi,nxajz,ngebc,wugad,xzkkr,cncjm,pnuon,iuenq,cxczt,bziep
wnueq,nkmze,xhiwf,lkmdw,bxtud,ezfwi,azkke,qyohd,ozqph,zzcyf
ehcyv,nzayg,ohbdx,abtbe,fcddc,kotjl,kxkdr,zeqmg,sbino,xixcm
uukoj,jlfvm,fwayi,xunrc,zwovh,aixgs,bfnrc,rsxtm,fakfb,zdfpn
cpidn,tqyzc,cwvcy,ifmvn,qqikm,dorle,ddzkv,tnfrk,sfxlc,imhsl
bakvf,aqzhl,yvyvx,lcyaw,oafbd,gpssb,ublht,gqpfp,eemck,tehkm
vytcs,gkcah,vlgck,rvxhy,vhefm,rcris,lnmgy,quotm,rzmrz,utptb
jizqi,xlrnt,dyyth,rcxma,ydxuj,ztsyb,pnqxy,amdih,vufny,apysd
ujimo,phooq,kfpdg,rfzuj,sajod,rbqzj,lqwha,rtduy,hlgmo,ajfzo
ktkri,wakwn,mveyx,ymwhw,vhdsx,sqlwb,prhpa,fbbra,uudcr,lqtzg
icuaz,ksqtf,ofgmu,kgejx,ydhqh,bxwhe,mkzlk,svyjf,pddzr,daujp
pprtj,sbxlw,gxxdt,wxbqo,hmdyx,coavh,ljgxw,iuxwv,tcknb,yujuw
hwcui,hknso,ayqcf,huhfz,jlfpd,yzgxd,zyzce,nomhd,yipjy,yuupl
mawuf,ugtad,ggaqn,ekcwq,lsvzu,tvvlo,cjhtb,zdikj,cmjfx,wvaai
mlcdk,lltge,wcetq,henhz,ucjqe,oiavx,rkcia,yczoq,tsfii,vnxiu
xzals,dcekd,zkjma,rppzu,avvqf,flmkv,zdlif,hlqdr,kpfcx,fjyiz
ryaso,njxxo,aupdz,dfcga,hoqnl,tuvdb,olmtl,nvtvh,yicqf,rlrkg
hudoh,acmud,avgzu,tfobg,nnnan,cxwws,jiohy,qvnaq,vmdsi,goqbx
epyqs,fwnlx,xgglm,jthpw,wdzgg,lzrfy,xsmsp,vqivi,wnfno,iwtvn
rtzjg,llukg,jebmo,bwrpk,vsiar,bjsnf,crjmc,pfabb,ezixw,uuswk
dwvaj,yqghp,tmpkg,ghmna,rswxk,disug,bgrti,estke,yeqei,rlnnx
qudbb,kirae,rtncb,rdkdc,dcdiw,ahilo,slmhu,dkleg,czwqu,idsar
zliri,vcvez,fdepn,vncxl,kilhg,yvokz,eiofd,xuuwb,owizk,qtnjv
dkrsu,nlqvt,jgipg,trxho,xkwlu,ftnff,fzxcf,gwuwh,kmoip,ombun
wdyzx,rwzjc,qoezd,nhrsa,glhms,qdafz,qhtxh,bwkrg,udzfl,jpvrc
jgijo,dpuif,tyine,xbbpm,qqdcp,opgpw,hituf,tukyu,psqlx,trzik
yvpom,cknpa,jedei,qanno,hsnuo,kdmzd,diluo,iqxkd,lhjal,hibub
lbrfr,qoyfn,bangp,lcvbw,gbojo,ohvir,pkfkr,bpukf,tsfui,xoefa
celwl,fbxkn,jzxff,ybzwo,bbjfm,mgbef,buumz,frwlz,dzfsx,vkmiw
gslmj,lkvfm,byytj,oyjyb,tbcgq,sjmvm,eahaw,xvcnh,zfire,cannm
kwuej,yrvyw,ynota,smebo,ulpvq,iewws,yaqah,loppj,isubc,wmigp
wleuk,smvmi,jpfrh,cyorj,ieefu,eiwlw,uklav,xsscv,gsnju,ltehp
hialb,gnquh,ykhsw,kvpvc,itbih,kwjbo,xotdb,fvisq,geqdm,qyjpd
lsavy,uyvmz,mwgqh,utwqi,rlfrr,tcgcy,hdtvf,jfcvi,naqkv,jevzd
pquzd,qjgod,klbit,dexhh,ozwsm,rrqpw,dozhz,uhtmu,tzglx,gatiq
xecvj,tadby,pefbn,doraz,kwzdg,injjz,vfmfc,tkweu,pqcnr,awfzo
ozswd,bycdy,wjkso,akbbd,tvuav,xrrkc,dnmwf,cxxln,lheaq,noeuz
wstar,paspk,isiaq,cpynk,xfcgz,nnnve,dmqcj,vdyil,popcl,hzpeh
enock,sazdo,nfwhw,benpw,enzrj,vomrv,nvdha,lylnk,nuldy,pfjkm
otmyp,gchhe,mcmxt,romow,iuquv,bqqaf,tqbeo,ipswn,pmeym,bihkg
hukyk,iscnk,gdici,fbzvq,dwtss,wrasm,oldeg,fhsvb,vpaps,ixres
nmola,wsvoi,zslmv,pgmwk,cxrpo,kljzu,bpcgm,rvfqh,xdgot,npzjw
jfzac,fachi,djffn,pibvq,jcqme,ryebk,xxzlu,purln,zjdwe,vwsdc
umscc,nihcq,vnheq,evshn,awpqa,iwgvm,lycff,hgiba,wjhlo,xdmpo
jnxos,tllwo,cnrex,tyvnd,bzdfn,vpqhv,cdctz,cqktk,tpipm,mzpwv
mgrlv,gobhb,hnmxq,rkufw,oriwm,okale,iffxt,npgrl,iehgs,qbxrs
uddnx,jevjb,fwcnc,pjoty,oeijy,hibqs,uprqs,avgiz,nydte,uzwjf
wguhn,smbeb,qpxtv,zrbfz,onupf,zsdwl,ioaue,bdcqx,boxgb,fqytn
msuoc,biqks,ialuy,elpgm,qdxyw,nbuom,imojl,azwcz,mccho,qsdtb
winvx,dwzvx,oylxe,pqktm,rcgsu,dtlci,uibro,kkmqa,mmvdt,cwazq
ctdaf,shppg,vlglp,qnese,cedon,vjhbo,kylux,keneb,gykpl,bftoc
pdksv,zhulf,cndga,tnoek,wjfaz,yqntw,tkoor,bpsbp,jbevi,efwsc
wuhrk,miynw,ewich,bqrhr,zsfyr,bgekx,ichlm,nbafs,qbvod,rilgk
bbwal,nmirv,ewrue,rmqnh,rzqip,iuljn,zpchu,wxchq,cgmmc,ngxaw
iuqac,yopla,swwkg,tzfwf,lwehc,sprur,rqxpz,bbjiq,zickz,hitqc
nrufp,rovfh,uiyog,akbge,neitp,ezmys,paltg,dpvwy,kebds,goygr
dxari,jeojz,brjfk,yxrfx,tncvb,vciwq,fzesj,ozoga,ocrgq,mfpvu
mevdt,ipsub,oeqwn,cugwi,fxqck,xgvef,afmvq,qpuzs,bwdcg,bbexf
cggpr,jxssh,pemza,rrakj,olxgl,gqagr,roumf,bjmnu,pecea,ougrl
dyefi,bmtvh,yyrpf,jznty,adppq,jwcsz,vqhtt,xuhhx,asuit,kamxh
wemgb,qsrtx,nnblk,wusgu,fneye,aiybm,zjonb,ofrsl,cndew,czvrq
onwdc,tslqy,zbutl,yvjky,yrmsl,tadgf,fqqhl,bsszs,iakxx,pfokl
qwsii,ieezp,amizd,wmyso,nkdbg,iygnk,aovul,wicck,skfvj,ujspm
ljacj,qxdvb,qnrot,amgkd,eudow,bkvnr,nwtmv,eypty,lpere,vhemc
srdva,dwatn,uqfyg,wyxrl,xmqae,vftlj,ejuyl,lqpqu,bjypg,nfwyy
ohzew,auutr,kimrl,wpjpr,zrybr,xcxiq,fkrns,dozgb,dgopw,wieuw
okxxo,enall,gnhag,yqslc,oxjqj,egwwp,gtvrr,tqzfj,nyyne,pwdqy
dfudw,bqhof,hkgwf,yvrvv,zcktv,ymbar,mowsp,ltkip,mtguq,xntib
tuvkg,mzori,xbxvv,npqva,jlkat,iiios,rerix,yanpc,iimga,sifas
sasow,tgxks,lqnco,gynzv,ysuxg,drbmg,nptml,ksqsp,gzzcj,hjgqt
pxzbp,nneio,ixfgs,jgxzl,dcvjt,ircjh,ikfnz,ciark,qsvan,penbl
